client_code	customer_name	client_kind	customer_group	hospital	doctor_name	debt_threshold_amd	is_provisional
H001	H001 — Աբովյան ԲԿ - Inmed	Hospital	Commercial	 Աբովյան ԲԿ		5000000	0
H002	H002 — Ապարան ԲԿ - Inmed	Hospital	Commercial	 Ապարան ԲԿ		5000000	0
H003	H003 — Աջափնյակ ԲԿ - Inmed	Hospital	Commercial	 Աջափնյակ ԲԿ		5000000	0
H004	H004 — Առաջին Հիվանդանոց - Inmed	Hospital	Commercial	 Առաջին Հիվանդանոց		5000000	0
H006	H006 — Աստղիկ ԲԿ - Inmed	Hospital	Commercial	 Աստղիկ ԲԿ		5000000	0
H007	H007 — Ավագյան ԲԿ - Inmed	Hospital	Commercial	 Ավագյան ԲԿ		5000000	0
H008	H008 — Արաբկիր ԲԿ - Inmed	Hospital	Commercial	 Արաբկիր ԲԿ		5000000	0
H009	H009 — Արամյանց ԲԿ - Inmed	Hospital	Commercial	 Արամյանց ԲԿ		5000000	0
H010	H010 — Արթիկ ԲԿ - Inmed	Hospital	Commercial	 Արթիկ ԲԿ		5000000	0
H011	H011 — Արթմեդ ԲԿ - Inmed	Hospital	Commercial	 Արթմեդ ԲԿ		5000000	0
H012	H012 — Արմենիա ԲԿ - Inmed	Hospital	Commercial	 Արմենիա ԲԿ		5000000	0
H013	H013 — Արտաշատ ԲԿ - Inmed	Hospital	Commercial	 Արտաշատ ԲԿ		5000000	0
H014	H014 — Բեստ Լայֆ ԲԿ - Inmed	Hospital	Commercial	 Բեստ Լայֆ ԲԿ		5000000	0
H015	H015 — Բերդ ԲԿ - Inmed	Hospital	Commercial	 Բերդ ԲԿ		5000000	0
H016	H016 — Գավառ - Inmed	Hospital	Commercial	 Գավառ		5000000	0
H017	H017 — Գյումրի ԲԿ - Inmed	Hospital	Commercial	 Գյումրի ԲԿ		5000000	0
H018	H018 — Գրիգոր Լուսավորիչ ԲԿ - Inmed	Hospital	Commercial	 Գրիգոր Լուսավորիչ ԲԿ		5000000	0
H019	H019 — Դիլիջան ԲԿ - Inmed	Hospital	Commercial	 Դիլիջան ԲԿ		5000000	0
H020	H020 — Եղեգնաձոր ԲԿ - Inmed	Hospital	Commercial	 Եղեգնաձոր ԲԿ		5000000	0
H021	H021 — Էջմիածին ԲԿ - Inmed	Hospital	Commercial	 Էջմիածին ԲԿ		5000000	0
H022	H022 — Էրեբունի ԲԿ - Inmed	Hospital	Commercial	 Էրեբունի ԲԿ		5000000	0
H023	H023 — ԹԻՎ 2 ԲԿ - Inmed	Hospital	Commercial	 ԹԻՎ 2 ԲԿ		5000000	0
H024	H024 — Իզմիրլյան ԲԿ - Inmed	Hospital	Commercial	 Իզմիրլյան ԲԿ		5000000	0
H025	H025 — Իջևան ԲԿ - Inmed	Hospital	Commercial	 Իջևան ԲԿ		5000000	0
H027	H026 — Կապան ԲԿ - Inmed	Hospital	Commercial	 Կապան ԲԿ		5000000	0
H028	H027 — Հոկտեմբերյան ԲԿ - Inmed	Hospital	Commercial	 Հոկտեմբերյան ԲԿ		5000000	0
H030	H028 — Հոսպիտալ - Inmed	Hospital	Commercial	 Հոսպիտալ		5000000	0
H031	H030 — Հրազդան ԲԿ - Inmed	Hospital	Commercial	 Հրազդան ԲԿ		5000000	0
H032	H031 — Մարտունի ԲԿ - Inmed	Hospital	Commercial	 Մարտունի ԲԿ		5000000	0
H033	H032 — Մեդլայն ԲԿ - Inmed	Hospital	Commercial	 Մեդլայն ԲԿ		5000000	0
H034	H033 — Միքայելյան ԲԿ - Inmed	Hospital	Commercial	 Միքայելյան ԲԿ		5000000	0
H035	H034 — Նաիրի ԲԿ - Inmed	Hospital	Commercial	 Նաիրի ԲԿ		5000000	0
H036	H035 — Ուիգմոր Քլինիք - Inmed	Hospital	Commercial	 Ուիգմոր Քլինիք		5000000	0
H037	H036 — Սլավմեդ ԲԿ - Inmed	Hospital	Commercial	 Սլավմեդ ԲԿ		5000000	0
H039	H037 — Սպիտակ ԲԿ - Inmed	Hospital	Commercial	 Սպիտակ ԲԿ		5000000	0
H040	H039 — Սրբ․ Աստվածամայր ԲԿ - Inmed	Hospital	Commercial	 Սրբ․ Աստվածամայր ԲԿ		5000000	0
H041	H040 — Վանաձոր ԲԿ - Inmed	Hospital	Commercial	 Վանաձոր ԲԿ		5000000	0
H042	H041 — Վարդանանց ԲԿ - Inmed	Hospital	Commercial	 Վարդանանց ԲԿ		5000000	0
H043	H042 — Տոնոյան ԲԿ - Inmed	Hospital	Commercial	 Տոնոյան ԲԿ		5000000	0
H044	H043 — Քանաքեռ-Զեյթուն ԲԿ - Inmed	Hospital	Commercial	 Քանաքեռ-Զեյթուն ԲԿ		5000000	0
H049	H044 — Օրթոպետիկ ԲԿ - Inmed	Hospital	Commercial	 Օրթոպետիկ ԲԿ		5000000	0
H050	H045 — Ֆանարջյան ՈւԱԿ - Inmed	Hospital	Commercial	 Ֆանարջյան ՈւԱԿ		5000000	0
D001	D001 — Փայլակ Սուջյան — Ուիգմոր Քլինիք - Inmed	Doctor	Individual	 Ուիգմոր Քլինիք	 Փայլակ Սուջյան 	5000000	0
D002	D002 — Տրդատ Ղազարյան — Աջափնյակ ԲԿ - Inmed	Doctor	Individual	 Աջափնյակ ԲԿ	 Տրդատ Ղազարյան 	5000000	0
D003	D003 — Տիգրան — Բերդ ԲԿ - Inmed	Doctor	Individual	 Բերդ ԲԿ	 Տիգրան 	5000000	0
D004	D004 — Արսեն Ազիզբեկյան — Առաջին Հիվանդանոց - Inmed	Doctor	Individual	 Առաջին Հիվանդանոց	 Արսեն Ազիզբեկյան 	5000000	0
D004	D005 — Տիգրան Սարիմանիչ — Գրիգոր Լուսավորիչ ԲԿ - Inmed	Doctor	Individual	 Գրիգոր Լուսավորիչ ԲԿ	 Տիգրան Սարիմանիչ 	5000000	0
D005	D006 — Արտակ Բաբայան — Առաջին Հիվանդանոց - Inmed	Doctor	Individual	 Առաջին Հիվանդանոց	 Արտակ Բաբայան 	5000000	0
D006	D007 — Արտակ Գրիգորյան — Առաջին Հիվանդանոց - Inmed	Doctor	Individual	 Առաջին Հիվանդանոց	 Արտակ Գրիգորյան 	5000000	0
D006	D008 — Տիգրան — Իզմիրլյան ԲԿ - Inmed	Doctor	Individual	 Իզմիրլյան ԲԿ	 Տիգրան 	5000000	0
D007	D009 — Դավիթ Հարությունյան — Առաջին Հիվանդանոց - Inmed	Doctor	Individual	 Առաջին Հիվանդանոց	 Դավիթ Հարությունյան 	5000000	0
D007	D010 — Տիգրան — Առաջին Հիվանդանոց - Inmed	Doctor	Individual	 Առաջին Հիվանդանոց	 Տիգրան 	5000000	0
D008	D011 — Էդուարդ Սարգսյան — Առաջին Հիվանդանոց - Inmed	Doctor	Individual	 Առաջին Հիվանդանոց	 Էդուարդ Սարգսյան 	5000000	0
D008	D012 — Տիգրան — Ապարան ԲԿ - Inmed	Doctor	Individual	 Ապարան ԲԿ	 Տիգրան 	5000000	0
D009	D013 — Մամիկոն Հակոբյան — Առաջին Հիվանդանոց - Inmed	Doctor	Individual	 Առաջին Հիվանդանոց	 Մամիկոն Հակոբյան 	5000000	0
D009	D014 — Վրեժ Գավառ ԲԿ — Գավառ - Inmed	Doctor	Individual	 Գավառ	 Վրեժ Գավառ ԲԿ 	5000000	0
D010	D015 — Արմենակ Բդոյան — Առաջին Հիվանդանոց - Inmed	Doctor	Individual	 Առաջին Հիվանդանոց	 Արմենակ Բդոյան 	5000000	0
D010	D016 — Վիգեն Սարգսյան — Աստղիկ ԲԿ - Inmed	Doctor	Individual	 Աստղիկ ԲԿ	 Վիգեն Սարգսյան 	5000000	0
D013	D017 — Վալոդ — Օրթոպետիկ ԲԿ - Inmed	Doctor	Individual	 Օրթոպետիկ ԲԿ	 Վալոդ 	5000000	0
D014	D018 — Խորեն Պետրոսյան — Աստղիկ ԲԿ - Inmed	Doctor	Individual	 Աստղիկ ԲԿ	 Խորեն Պետրոսյան 	5000000	0
D014	D019 — Ստեփան Մաթևոսյան — Իզմիրլյան ԲԿ - Inmed	Doctor	Individual	 Իզմիրլյան ԲԿ	 Ստեփան Մաթևոսյան 	5000000	0
D015	D020 — Սևակ Բադալյան — Գրիգոր Լուսավորիչ ԲԿ - Inmed	Doctor	Individual	 Գրիգոր Լուսավորիչ ԲԿ	 Սևակ Բադալյան 	5000000	0
D018	D021 — Սարիկ Աթաջանյան — Կապան ԲԿ - Inmed	Doctor	Individual	 Կապան ԲԿ	 Սարիկ Աթաջանյան 	5000000	0
D019	D022 — Սարգիս Վլասյան — Էրեբունի ԲԿ - Inmed	Doctor	Individual	 Էրեբունի ԲԿ	 Սարգիս Վլասյան 	5000000	0
D021	D023 — Ջանիբեկ — Արթիկ ԲԿ - Inmed	Doctor	Individual	 Արթիկ ԲԿ	 Ջանիբեկ 	5000000	0
D021	D024 — Սարգիս Սահակյան — Արտաշատ ԲԿ - Inmed	Doctor	Individual	 Արտաշատ ԲԿ	 Սարգիս Սահակյան 	5000000	0
D022	D025 — Սարգիս — Նաիրի ԲԿ - Inmed	Doctor	Individual	 Նաիրի ԲԿ	 Սարգիս 	5000000	0
D023	D026 — Սարգիս Նազարիչ — Նաիրի ԲԿ - Inmed	Doctor	Individual	 Նաիրի ԲԿ	 Սարգիս Նազարիչ 	5000000	0
D024	D027 — Սամվել — Սրբ․ Աստվածամայր ԲԿ - Inmed	Doctor	Individual	 Սրբ․ Աստվածամայր ԲԿ	 Սամվել 	5000000	0
D025	D028 — Սահակ Սարիբեկյան — Իզմիրլյան ԲԿ - Inmed	Doctor	Individual	 Իզմիրլյան ԲԿ	 Սահակ Սարիբեկյան 	5000000	0
D026	D029 — Ռուսլան — Հրազդան ԲԿ - Inmed	Doctor	Individual	 Հրազդան ԲԿ	 Ռուսլան 	5000000	0
D027	D030 — Ռուդիկ Վարոսյան — Գրիգոր Լուսավորիչ ԲԿ - Inmed	Doctor	Individual	 Գրիգոր Լուսավորիչ ԲԿ	 Ռուդիկ Վարոսյան 	5000000	0
D028	D031 — Ռուբեն Գալստյան — Աստղիկ ԲԿ - Inmed	Doctor	Individual	 Աստղիկ ԲԿ	 Ռուբեն Գալստյան 	5000000	0
D029	D032 — Ռաֆայել Ավետիսյան — Արթմեդ ԲԿ - Inmed	Doctor	Individual	 Արթմեդ ԲԿ	 Ռաֆայել Ավետիսյան 	5000000	0
D030	D033 — Ռաֆաել Պետրոսյան — Էրեբունի ԲԿ - Inmed	Doctor	Individual	 Էրեբունի ԲԿ	 Ռաֆաել Պետրոսյան 	5000000	0
D031	D034 — Ռազմիկ Պետրոսյան — Սլավմեդ ԲԿ - Inmed	Doctor	Individual	 Սլավմեդ ԲԿ	 Ռազմիկ Պետրոսյան 	5000000	0
D032	D035 — Թելման ԱԲ — Արմենիա ԲԿ - Inmed	Doctor	Individual	 Արմենիա ԲԿ	 Թելման ԱԲ 	5000000	0
D032	D036 — Ռադիկ Այվազյան — Էրեբունի ԲԿ - Inmed	Doctor	Individual	 Էրեբունի ԲԿ	 Ռադիկ Այվազյան 	5000000	0
D033	D037 — Ջոն Կարապետյան — Գյումրի ԲԿ - Inmed	Doctor	Individual	 Գյումրի ԲԿ	 Ջոն Կարապետյան 	5000000	0
D034	D038 — Ջանիբեկ — Ավագյան ԲԿ - Inmed	Doctor	Individual	 Ավագյան ԲԿ	 Ջանիբեկ 	5000000	0
D035	D039 — Գուրգեն Պետրոսյան — Բեստ Լայֆ ԲԿ - Inmed	Doctor	Individual	 Բեստ Լայֆ ԲԿ	 Գուրգեն Պետրոսյան 	5000000	0
D035	D040 — Պետրոս Սաֆարյան — Օրթոպետիկ ԲԿ - Inmed	Doctor	Individual	 Օրթոպետիկ ԲԿ	 Պետրոս Սաֆարյան 	5000000	0
D036	D041 — Պարգև Ժամհարյան — Էրեբունի ԲԿ - Inmed	Doctor	Individual	 Էրեբունի ԲԿ	 Պարգև Ժամհարյան 	5000000	0
D037	D042 — Նորայր — Նաիրի ԲԿ - Inmed	Doctor	Individual	 Նաիրի ԲԿ	 Նորայր 	5000000	0
D038	D043 — Նորայր Զաքարյան — Էրեբունի ԲԿ - Inmed	Doctor	Individual	 Էրեբունի ԲԿ	 Նորայր Զաքարյան 	5000000	0
D039	D044 — Նիկո Արզումանյան — Արաբկիր ԲԿ - Inmed	Doctor	Individual	 Արաբկիր ԲԿ	 Նիկո Արզումանյան 	5000000	0
D040	D045 — Կարեն — Գյումրի ԲԿ - Inmed	Doctor	Individual	 Գյումրի ԲԿ	 Կարեն 	5000000	0
D040	D046 — Նարեկ Մինասյան — Արմենիա ԲԿ - Inmed	Doctor	Individual	 Արմենիա ԲԿ	 Նարեկ Մինասյան 	5000000	0
D041	D047 — Նարեկ — Հոկտեմբերյան ԲԿ - Inmed	Doctor	Individual	 Հոկտեմբերյան ԲԿ	 Նարեկ 	5000000	0
D043	D048 — Նաիրի Ղամբարյան — Քանաքեռ-Զեյթուն ԲԿ - Inmed	Doctor	Individual	 Քանաքեռ-Զեյթուն ԲԿ	 Նաիրի Ղամբարյան 	5000000	0
D044	D049 — Նաիրի — Էրեբունի ԲԿ - Inmed	Doctor	Individual	 Էրեբունի ԲԿ	 Նաիրի 	5000000	0
D045	D050 — Նաիրի Աբրահամյան — Իզմիրլյան ԲԿ - Inmed	Doctor	Individual	 Իզմիրլյան ԲԿ	 Նաիրի Աբրահամյան 	5000000	0
D047	D051 — Մինաս — Սրբ․ Աստվածամայր ԲԿ - Inmed	Doctor	Individual	 Սրբ․ Աստվածամայր ԲԿ	 Մինաս 	5000000	0
D048	D052 — Միթու — Կապան ԲԿ - Inmed	Doctor	Individual	 Կապան ԲԿ	 Միթու 	5000000	0
D049	D053 — Մենուա Առաջին հիվանդանոց — Առաջին Հիվանդանոց - Inmed	Doctor	Individual	 Առաջին Հիվանդանոց	 Մենուա Առաջին հիվանդանոց 	5000000	0
D050	D054 — Գագիկ Բդոյան — Էրեբունի ԲԿ - Inmed	Doctor	Individual	 Էրեբունի ԲԿ	 Գագիկ Բդոյան 	5000000	0
D050	D055 — Մաքսիմ — Կապան ԲԿ - Inmed	Doctor	Individual	 Կապան ԲԿ	 Մաքսիմ 	5000000	0
D053	D056 — Թարվերդյան Գրիգոր — Էրեբունի ԲԿ - Inmed	Doctor	Individual	 Էրեբունի ԲԿ	 Թարվերդյան Գրիգոր 	5000000	0
D055	D057 — Հրաչյա Հարությունյան — Նաիրի ԲԿ - Inmed	Doctor	Individual	 Նաիրի ԲԿ	 Հրաչյա Հարությունյան 	5000000	0
D056	D058 — Հրանտ — Սլավմեդ ԲԿ - Inmed	Doctor	Individual	 Սլավմեդ ԲԿ	 Հրանտ 	5000000	0
D057	D059 — Հրայր Հարությունյան — Արմենիա ԲԿ - Inmed	Doctor	Individual	 Արմենիա ԲԿ	 Հրայր Հարությունյան 	5000000	0
D058	D060 — Հովսեփ — Իզմիրլյան ԲԿ - Inmed	Doctor	Individual	 Իզմիրլյան ԲԿ	 Հովսեփ 	5000000	0
D059	D061 — Հովսեփ Ավետիկովիչ — Սրբ․ Աստվածամայր ԲԿ - Inmed	Doctor	Individual	 Սրբ․ Աստվածամայր ԲԿ	 Հովսեփ Ավետիկովիչ 	5000000	0
D061	D062 — Հովհաննես — Իջևան ԲԿ - Inmed	Doctor	Individual	 Իջևան ԲԿ	 Հովհաննես 	5000000	0
D062	D063 — Հովհաննես Դրմոյան — Սլավմեդ ԲԿ - Inmed	Doctor	Individual	 Սլավմեդ ԲԿ	 Հովհաննես Դրմոյան 	5000000	0
D063	D064 — Հովհաննես — Արմենիա ԲԿ - Inmed	Doctor	Individual	 Արմենիա ԲԿ	 Հովհաննես 	5000000	0
D064	D065 — Բագրատ Բավեյան — ԹԻՎ 2 ԲԿ - Inmed	Doctor	Individual	 ԹԻՎ 2 ԲԿ	 Բագրատ Բավեյան 	5000000	0
D065	D066 — Հարություն Մխիթարյան — Վարդանանց ԲԿ - Inmed	Doctor	Individual	 Վարդանանց ԲԿ	 Հարություն Մխիթարյան 	5000000	0
D066	D067 — Արամազդ Սահակյան — Իզմիրլյան ԲԿ - Inmed	Doctor	Individual	 Իզմիրլյան ԲԿ	 Արամազդ Սահակյան 	5000000	0
D066	D068 — Հարություն Խոստիկյան — Էրեբունի ԲԿ - Inmed	Doctor	Individual	 Էրեբունի ԲԿ	 Հարություն Խոստիկյան 	5000000	0
D068	D069 — Հայկ Գյուլզադյան — Էրեբունի ԲԿ - Inmed	Doctor	Individual	 Էրեբունի ԲԿ	 Հայկ Գյուլզադյան 	5000000	0
D069	D070 — Հայկ Աղամալյան — Միքայելյան ԲԿ - Inmed	Doctor	Individual	 Միքայելյան ԲԿ	 Հայկ Աղամալյան 	5000000	0
D070	D071 — Երեմ Պողոսյան — Իզմիրլյան ԲԿ - Inmed	Doctor	Individual	 Իզմիրլյան ԲԿ	 Երեմ Պողոսյան 	5000000	0
D070	D072 — Համլետ — Էջմիածին ԲԿ - Inmed	Doctor	Individual	 Էջմիածին ԲԿ	 Համլետ 	5000000	0
D071	D073 — Հակոբ — Դիլիջան ԲԿ - Inmed	Doctor	Individual	 Դիլիջան ԲԿ	 Հակոբ 	5000000	0
D072	D074 — Կարեն Մարտիրոսյան — Սլավմեդ ԲԿ - Inmed	Doctor	Individual	 Սլավմեդ ԲԿ	 Կարեն Մարտիրոսյան 	5000000	0
D073	D075 — Կարեն Մանուկյան — Գրիգոր Լուսավորիչ ԲԿ - Inmed	Doctor	Individual	 Գրիգոր Լուսավորիչ ԲԿ	 Կարեն Մանուկյան 	5000000	0
D073	D076 — Նարեկ Չալիկայն — Իզմիրլյան ԲԿ - Inmed	Doctor	Individual	 Իզմիրլյան ԲԿ	 Նարեկ Չալիկայն 	5000000	0
D074	D077 — Կարեն Դավթյան — Արամյանց ԲԿ - Inmed	Doctor	Individual	 Արամյանց ԲԿ	 Կարեն Դավթյան 	5000000	0
D075	D078 — Սպիտակ Ալեքսանդր Արզումանյան — Իզմիրլյան ԲԿ - Inmed	Doctor	Individual	 Իզմիրլյան ԲԿ	 Սպիտակ Ալեքսանդր Արզումանյան 	5000000	0
D077	D079 — Կարապետ Մոմջյան — Էրեբունի ԲԿ - Inmed	Doctor	Individual	 Էրեբունի ԲԿ	 Կարապետ Մոմջյան 	5000000	0
D077	D080 — Վանաձոր ԲԿ Վանուշ — Իզմիրլյան ԲԿ - Inmed	Doctor	Individual	 Իզմիրլյան ԲԿ	 Վանաձոր ԲԿ Վանուշ 	5000000	0
D078	D081 — Ալեքսանդր Արզումանյան — Իզմիրլյան ԲԿ - Inmed	Doctor	Individual	 Իզմիրլյան ԲԿ	 Ալեքսանդր Արզումանյան 	5000000	0
D078	D082 — Ծերունի Հովհաննիսյան — Արմենիա ԲԿ - Inmed	Doctor	Individual	 Արմենիա ԲԿ	 Ծերունի Հովհաննիսյան 	5000000	0
D081	D083 — Խաչատուր Հարությունյան — Միքայելյան ԲԿ - Inmed	Doctor	Individual	 Միքայելյան ԲԿ	 Խաչատուր Հարությունյան 	5000000	0
D082	D084 — Լիպարիտ Կարապետյան — Իզմիրլյան ԲԿ - Inmed	Doctor	Individual	 Իզմիրլյան ԲԿ	 Լիպարիտ Կարապետյան 	5000000	0
D084	D085 — Ժորա — Գյումրի ԲԿ - Inmed	Doctor	Individual	 Գյումրի ԲԿ	 Ժորա 	5000000	0
D086	D086 — Ասատուր — Կապան ԲԿ - Inmed	Doctor	Individual	 Կապան ԲԿ	 Ասատուր 	5000000	0
D087	D087 — Էմիլ — Իջևան ԲԿ - Inmed	Doctor	Individual	 Իջևան ԲԿ	 Էմիլ 	5000000	0
D088	D088 — Էդվարդ Մխիթարյան — Էրեբունի ԲԿ - Inmed	Doctor	Individual	 Էրեբունի ԲԿ	 Էդվարդ Մխիթարյան 	5000000	0
D090	D089 — Իշխան ԲԿ — Հոսպիտալ - Inmed	Doctor	Individual	 Հոսպիտալ	 Իշխան ԲԿ 	5000000	0
D091	D090 — Զավեն Մելիքյան — Նաիրի ԲԿ - Inmed	Doctor	Individual	 Նաիրի ԲԿ	 Զավեն Մելիքյան 	5000000	0
D092	D091 — Զավեն Բեգլարյան — Էրեբունի ԲԿ - Inmed	Doctor	Individual	 Էրեբունի ԲԿ	 Զավեն Բեգլարյան 	5000000	0
D094	D092 — Բերդ Ավետիս — Մեդլայն ԲԿ - Inmed	Doctor	Individual	 Մեդլայն ԲԿ	 Բերդ Ավետիս 	5000000	0
D094	D093 — Դերենիկ — Արմենիա ԲԿ - Inmed	Doctor	Individual	 Արմենիա ԲԿ	 Դերենիկ 	5000000	0
D095	D094 — Բերդ Մանուկ Ներսեսյան — Մեդլայն ԲԿ - Inmed	Doctor	Individual	 Մեդլայն ԲԿ	 Բերդ Մանուկ Ներսեսյան 	5000000	0
D096	D095 — Բերդ Վաղինակ — Մեդլայն ԲԿ - Inmed	Doctor	Individual	 Մեդլայն ԲԿ	 Բերդ Վաղինակ 	5000000	0
D097	D096 — Ատոմ Տեր-Գրիգորյան — Միքայելյան ԲԿ - Inmed	Doctor	Individual	 Միքայելյան ԲԿ	 Ատոմ Տեր-Գրիգորյան 	5000000	0
D098	D097 — Արթուր Մեմբրեյան — Միքայելյան ԲԿ - Inmed	Doctor	Individual	 Միքայելյան ԲԿ	 Արթուր Մեմբրեյան 	5000000	0
D099	D098 — Էրիկ Կոսյան — Միքայելյան ԲԿ - Inmed	Doctor	Individual	 Միքայելյան ԲԿ	 Էրիկ Կոսյան 	5000000	0
D100	D099 — Գուրգեն Բախտամյան — Իզմիրլյան ԲԿ - Inmed	Doctor	Individual	 Իզմիրլյան ԲԿ	 Գուրգեն Բախտամյան 	5000000	0
D101	D100 — Գոռ Պապիկյան — Սլավմեդ ԲԿ - Inmed	Doctor	Individual	 Սլավմեդ ԲԿ	 Գոռ Պապիկյան 	5000000	0
D101	D101 — Վալոդ — Միքայելյան ԲԿ - Inmed	Doctor	Individual	 Միքայելյան ԲԿ	 Վալոդ 	5000000	0
D102	D102 — Տիգրան Կուպալյան — Միքայելյան ԲԿ - Inmed	Doctor	Individual	 Միքայելյան ԲԿ	 Տիգրան Կուպալյան 	5000000	0
D103	D103 — Գոռ Ամրոյան — Օրթոպետիկ ԲԿ - Inmed	Doctor	Individual	 Օրթոպետիկ ԲԿ	 Գոռ Ամրոյան 	5000000	0
D104	D104 — Գևորգ Ջհանդիրյան — Արաբկիր ԲԿ - Inmed	Doctor	Individual	 Արաբկիր ԲԿ	 Գևորգ Ջհանդիրյան 	5000000	0
D105	D105 — Գևորգ Ալոյան — Սրբ․ Աստվածամայր ԲԿ - Inmed	Doctor	Individual	 Սրբ․ Աստվածամայր ԲԿ	 Գևորգ Ալոյան 	5000000	0
D106	D106 — Բակուր Հարությունյան — Էրեբունի ԲԿ - Inmed	Doctor	Individual	 Էրեբունի ԲԿ	 Բակուր Հարությունյան 	5000000	0
D108	D107 — Արտյոմ — Վանաձոր ԲԿ - Inmed	Doctor	Individual	 Վանաձոր ԲԿ	 Արտյոմ 	5000000	0
D109	D108 — Արտյոմ — Սրբ․ Աստվածամայր ԲԿ - Inmed	Doctor	Individual	 Սրբ․ Աստվածամայր ԲԿ	 Արտյոմ 	5000000	0
D111	D109 — Ադի Մհոյան — Ուիգմոր Քլինիք - Inmed	Doctor	Individual	 Ուիգմոր Քլինիք	 Ադի Մհոյան 	5000000	0
D111	D110 — Արտաշ — Հրազդան ԲԿ - Inmed	Doctor	Individual	 Հրազդան ԲԿ	 Արտաշ 	5000000	0
D112	D111 — Արտակ Օհանյան — Իզմիրլյան ԲԿ - Inmed	Doctor	Individual	 Իզմիրլյան ԲԿ	 Արտակ Օհանյան 	5000000	0
D113	D112 — Արտակ Հունանյան — Սլավմեդ ԲԿ - Inmed	Doctor	Individual	 Սլավմեդ ԲԿ	 Արտակ Հունանյան 	5000000	0
D113	D113 — Դավիթ Սեկոյան — Ուիգմոր Քլինիք - Inmed	Doctor	Individual	 Ուիգմոր Քլինիք	 Դավիթ Սեկոյան 	5000000	0
D114	D114 — Էդուարդ Ասատրյան — Ուիգմոր Քլինիք - Inmed	Doctor	Individual	 Ուիգմոր Քլինիք	 Էդուարդ Ասատրյան 	5000000	0
D115	D115 — Արտակ Գալստյան — Արթմեդ ԲԿ - Inmed	Doctor	Individual	 Արթմեդ ԲԿ	 Արտակ Գալստյան 	5000000	0
D115	D116 — Յուրի Սիմոնյան — Ուիգմոր Քլինիք - Inmed	Doctor	Individual	 Ուիգմոր Քլինիք	 Յուրի Սիմոնյան 	5000000	0
D117	D117 — Արսեն Կիրակոսյան — Արմենիա ԲԿ - Inmed	Doctor	Individual	 Արմենիա ԲԿ	 Արսեն Կիրակոսյան 	5000000	0
D117	D118 — Հովհաննես — Ուիգմոր Քլինիք - Inmed	Doctor	Individual	 Ուիգմոր Քլինիք	 Հովհաննես 	5000000	0
D118	D119 — Արսեն Գևորգյան — Արթմեդ ԲԿ - Inmed	Doctor	Individual	 Արթմեդ ԲԿ	 Արսեն Գևորգյան 	5000000	0
D121	D120 — Արմեն Պողոսյան — Էրեբունի ԲԿ - Inmed	Doctor	Individual	 Էրեբունի ԲԿ	 Արմեն Պողոսյան 	5000000	0
D122	D121 — Արմեն Բագրեյան — Եղեգնաձոր ԲԿ - Inmed	Doctor	Individual	 Եղեգնաձոր ԲԿ	 Արմեն Բագրեյան 	5000000	0
D123	D122 — Արման — Սլավմեդ ԲԿ - Inmed	Doctor	Individual	 Սլավմեդ ԲԿ	 Արման 	5000000	0
D123	D123 — Հովնան Հարությունյան — Սլավմեդ ԲԿ - Inmed	Doctor	Individual	 Սլավմեդ ԲԿ	 Հովնան Հարությունյան 	5000000	0
D124	D124 — Արման Սահակյան — Իզմիրլյան ԲԿ - Inmed	Doctor	Individual	 Իզմիրլյան ԲԿ	 Արման Սահակյան 	5000000	0
D125	D125 — Արման — Հոկտեմբերյան ԲԿ - Inmed	Doctor	Individual	 Հոկտեմբերյան ԲԿ	 Արման 	5000000	0
D126	D126 — Արթուր Սաղաթելյան — Տոնոյան ԲԿ - Inmed	Doctor	Individual	 Տոնոյան ԲԿ	 Արթուր Սաղաթելյան 	5000000	0
D127	D127 — Արթուր — Նաիրի ԲԿ - Inmed	Doctor	Individual	 Նաիրի ԲԿ	 Արթուր 	5000000	0
D129	D128 — Արթուր Մարտիրոսյան — Իզմիրլյան ԲԿ - Inmed	Doctor	Individual	 Իզմիրլյան ԲԿ	 Արթուր Մարտիրոսյան 	5000000	0
D130	D129 — Արթուր Աղամիրյան — Էրեբունի ԲԿ - Inmed	Doctor	Individual	 Էրեբունի ԲԿ	 Արթուր Աղամիրյան 	5000000	0
D131	D130 — Արեգ — Նաիրի ԲԿ - Inmed	Doctor	Individual	 Նաիրի ԲԿ	 Արեգ 	5000000	0
D131	D131 — Վահագն — Սրբ․ Աստվածամայր ԲԿ - Inmed	Doctor	Individual	 Սրբ․ Աստվածամայր ԲԿ	 Վահագն 	5000000	0
D132	D132 — Արարատ Լևոնյան — Աստղիկ ԲԿ - Inmed	Doctor	Individual	 Աստղիկ ԲԿ	 Արարատ Լևոնյան 	5000000	0
D133	D133 — Արա Սարգսյան — Աբովյան ԲԿ - Inmed	Doctor	Individual	 Աբովյան ԲԿ	 Արա Սարգսյան 	5000000	0
D134	D134 — Արա Այվազյան — Արմենիա ԲԿ - Inmed	Doctor	Individual	 Արմենիա ԲԿ	 Արա Այվազյան 	5000000	0
D135	D135 — Սարգիս — Վանաձոր ԲԿ - Inmed	Doctor	Individual	 Վանաձոր ԲԿ	 Սարգիս 	5000000	0
D137	D136 — Ավետ — Մարտունի ԲԿ - Inmed	Doctor	Individual	 Մարտունի ԲԿ	 Ավետ 	5000000	0
D138	D137 — Էդիկ — Տոնոյան ԲԿ - Inmed	Doctor	Individual	 Տոնոյան ԲԿ	 Էդիկ 	5000000	0
D139	D138 — Աշոտ Հարությունյան — Ուիգմոր Քլինիք - Inmed	Doctor	Individual	 Ուիգմոր Քլինիք	 Աշոտ Հարությունյան 	5000000	0
D140	D139 — Գոռ Աստվածատրյան — Քանաքեռ-Զեյթուն ԲԿ - Inmed	Doctor	Individual	 Քանաքեռ-Զեյթուն ԲԿ	 Գոռ Աստվածատրյան 	5000000	0
D141	D140 — Աշոտ Բունիաթյան — Գրիգոր Լուսավորիչ ԲԿ - Inmed	Doctor	Individual	 Գրիգոր Լուսավորիչ ԲԿ	 Աշոտ Բունիաթյան 	5000000	0
D141	D141 — Կարեն Ճգնավորյան — Քանաքեռ-Զեյթուն ԲԿ - Inmed	Doctor	Individual	 Քանաքեռ-Զեյթուն ԲԿ	 Կարեն Ճգնավորյան 	5000000	0
D142	D142 — Աշոտ Ադամյան — Քանաքեռ-Զեյթուն ԲԿ - Inmed	Doctor	Individual	 Քանաքեռ-Զեյթուն ԲԿ	 Աշոտ Ադամյան 	5000000	0
D142	D143 — Կարեն Մարտիրոսյան — Քանաքեռ-Զեյթուն ԲԿ - Inmed	Doctor	Individual	 Քանաքեռ-Զեյթուն ԲԿ	 Կարեն Մարտիրոսյան 	5000000	0
D143	D144 — Այվազ — Սպիտակ ԲԿ - Inmed	Doctor	Individual	 Սպիտակ ԲԿ	 Այվազ 	5000000	0
D144	D145 — Սերոբ — Օրթոպետիկ ԲԿ - Inmed	Doctor	Individual	 Օրթոպետիկ ԲԿ	 Սերոբ 	5000000	0
D146	D146 — Խորեն Հովհաննիսյան — Օրթոպետիկ ԲԿ - Inmed	Doctor	Individual	 Օրթոպետիկ ԲԿ	 Խորեն Հովհաննիսյան 	5000000	0
D148	D147 — Սեդրակ Նարիմանյան — Օրթոպետիկ ԲԿ - Inmed	Doctor	Individual	 Օրթոպետիկ ԲԿ	 Սեդրակ Նարիմանյան 	5000000	0
D149	D148 — Ահարոն — Հոկտեմբերյան ԲԿ - Inmed	Doctor	Individual	 Հոկտեմբերյան ԲԿ	 Ահարոն 	5000000	0
D150	D149 — Ալեքսանդր — Ֆանարջյան ՈւԱԿ - Inmed	Doctor	Individual	 Ֆանարջյան ՈւԱԿ	 Ալեքսանդր 	5000000	0
D151	D150 — Կարապետ — Ֆանարջյան ՈւԱԿ - Inmed	Doctor	Individual	 Ֆանարջյան ՈւԱԿ	 Կարապետ 	5000000	0
D152	D151 — Մամիկոն — Ֆանարջյան ՈւԱԿ - Inmed	Doctor	Individual	 Ֆանարջյան ՈւԱԿ	 Մամիկոն 	5000000	0
