sku,retail_price,purchase_price
153210950S,52000.0,
30225.10H.S,170000.0,
30225.12H.S,170000.0,
ACS-015SMS-10,339.0,
ACS-020SMS-10,300000.0,300000.0
ACS-025SMS-10,397.0,300000.0
3312-02090,1000.0,
3312-02100,1000.0,
3312-02110,1000.0,
3312-02120,1000.0,
3312-02130,1000.0,
3312-02140,1000.0,
3312-02150,1000.0,
BOI.237.16,5000.0,
BOI.237.18,5000.0,
030380008,3000.0,
2204.2012,7000.0,
2204.2014,7000.0,
2204.2016,7000.0,
2204.2018,7000.0,
2204.2020,7000.0,
030360008,3000.0,
3246702606,3500.0,
3070080020,3500.0,
3070080035,3500.0,
3070080040,3500.0,
BOI.237.20,5000.0,
BOI.237.22,5000.0,
BOI.237.24,5000.0,
BOI.237.26,5000.0,
4114.3526,1000.0,
4114.3528,1000.0,
4114.3530,1000.0,
4114.3532,1000.0,
4114.3534,1000.0,
4114.3536,1000.0,
4114.3538,1000.0,
4114.3540,1000.0,
4114.3544,7000.0,
4114.3550,7000.0,
3070090010,3500.0,
3070090052,1000.0,
3070090026,1000.0,
3070090028,1000.0,
3070090030,1000.0,
3070090032,1000.0,
3070090034,1000.0,
3070090036,1000.0,
3070090038,1000.0,
3070090040,1000.0,
3070090042,1000.0,
3070090044,1000.0,
3070090046,1000.0,
3070090048,1000.0,
3070090050,1000.0,
3070090054,1000.0,
3070090056,1000.0,
3050540032,1000.0,
3050540036,1000.0,
3050540040,1000.0,
3050540044,1000.0,
3050540048,1000.0,
3050540052,1000.0,
3050540054,1000.0,
3050540058,1000.0,
3050550034,1000.0,
3050550038,1000.0,
3050550042,1000.0,
3050550046,1000.0,
3050550050,1000.0,
3050550054,1000.0,
3050550058,1000.0,
3050550062,1000.0,
3050550068,1000.0,
3050550072,1000.0,
3150-28353.1,1000.0,
3150-28373.1,1000.0,
3150-32393.1,1000.0,
3150-36443.1,1000.0,
3150-36483.1,1000.0,
3150-36523.1,40000.0,
3051050040,1000.0,
3051050045,1000.0,
3051050050,1000.0,
3051050055,1000.0,
3051050060,1000.0,
3051050065,1000.0,
3051050070,1000.0,
3051050075,1000.0,
3051050080,1000.0,
3051050085,1000.0,
3051050090,1000.0,
3051050035,1000.0,
1202.6535,1000.0,
1202.6540,1000.0,
1202.6545,1000.0,
1202.6550,1000.0,
1202.6555,1000.0,
1202.6560,1000.0,
1202.6565,1000.0,
1202.6570,1000.0,
1202.6575,1000.0,
1202.6580,1000.0,
1202.6585,1000.0,
1202.6590,1000.0,
3154-05460,,49000.0
3154-05480,160000.0,49000.0
3154-05500,160000.0,49000.0
3154-05520,160000.0,49000.0
3154-05540,160000.0,49000.0
3154-05560,,49000.0
3154-05580,,49000.0
3154-05600,,49000.0
3154-05620,,49000.0
3154-05640,173000.0,
3154-22461,,40000.0
3154-22481,1000.0,40000.0
3154-22501,1000.0,40000.0
3154-22541,1000.0,40000.0
3154-22581,108000.0,40000.0
3154-22621,1000.0,40000.0
152000100S,23000.0,
3149-01480,1000.0,76000.0
3149-01500,1000.0,76000.0
3149-01520,1000.0,76000.0
3149-01540,135000.0,76000.0
3149-01560,1000.0,76000.0
3149-01580,1000.0,76000.0
3149-01600,1000.0,76000.0
3149-01620,1000.0,76000.0
3149-01640,1000.0,76000.0
3349-02440,1000.0,
3149-02460,1000.0,
3149-02480,105000.0,47000.0
3149-02500,1000.0,47000.0
3149-02520,1000.0,47000.0
3149-02540,1000.0,47000.0
3149-02560,1000.0,47000.0
3149-02580,1000.0,47000.0
3149-02600,1000.0,47000.0
3149-02620,1000.0,
3149-02640,1000.0,
3149-02660,1000.0,
50.45.34.1,430000.0,
03277,40000.0,
00219,60000.0,
00091,90000.0,
04135,150000.0,
03279,170000.0,
2951453,19000.0,
2951453/25,45000.0,
291453,30000.0,
152000120S,35000.0,
BO.531,1000.0,
BO.532,220000.0,
BOI.533,1000.0,
BOI.537,1000.0,
BO.149.23.T,1000.0,
BO.149.25.T,1000.0,
BO.149.27.T,1000.0,
BO.149.29.T,1000.0,
BO.149.32.T,1000.0,
BO.149.35.T,1000.0,
BO.149.38.T,1000.0,
BO.149.41.T,1000.0,
BO.149.44.T,1000.0,
BO.149.47.T,1000.0,
BO.149.50.T,270000.0,
BO.149.53.T,270000.0,
BO.511.S.11h.L,1000.0,
BO.511.L.11.T,40000.0,
BO.511.S.13h.L,1000.0,
BO.511.L.13.T,40000.0,
BO.511.S.15h.L,1000.0,
BO.511.L.15.T,40000.0,
BO.511.S.5h.L,1000.0,
BO.511.L.05.T,40000.0,
BO.511.S.7h.L,1000.0,
BO.511.L.07.T,40000.0,
BO.511.S.9h.L,1000.0,
BO.511.L.09.T,40000.0,
BO.511.S.11h.R,1000.0,
BO.511.R.11.T,40000.0,
BO.511.S.13h.R,1000.0,
BO.511.R.13.T,40000.0,
BO.511.S.15h.R,1000.0,
BO.511.R.15.T,40000.0,
BO.511.S.5h.R,1000.0,
BO.511.R.05.T,40000.0,
BO.511.S.7h.R,1000.0,
BO.511.R.07.T,40000.0,
BO.511.S.9h.R,1000.0,
BO.511.R.09.T,40000.0,
5272-10023,,15000.0
5272-05023,,15000.0
5272-05033,,15000.0
5272-10043,1000.0,15000.0
5272-05043,,15000.0
5272-10053,,15000.0
5272-05053,1000.0,15000.0
5272-10063,1000.0,15000.0
5272-05063,,15000.0
5272-10073,1000.0,15000.0
5272-05073,1000.0,15000.0
5272-10024,1000.0,15000.0
5272-05024,1000.0,15000.0
5272-05044,1000.0,15000.0
5272-05034,1000.0,15000.0
5272-10044,30000.0,15000.0
5272-10054,1000.0,15000.0
5272-05054,30000.0,15000.0
5272-10064,,15000.0
5272-05064,1000.0,15000.0
5272-10074,1000.0,15000.0
5272-05074,1000.0,15000.0
BOI.03.155.37.S,1000.0,
BOI.03.155.39.S,1000.0,
BOI.03.155.41.S,1000.0,
BOI.03.155.43.S,30000.0,
BOI.03.155.45.S,1000.0,
BOI.03.155.47.S,1000.0,
BOI.03.155.49.S,1000.0,
BOI.03.155.51.S,1000.0,
BOI.03.155.53.S,1000.0,
BOI.03.155.55.S,1000.0,
B905S,90000.0,
20589,488400.0,
20588,488400.0,
20587,488400.0,
20539,488400.0,
20538,1000.0,
20537,1000.0,
20540,488400.0,
C8039,250000.0,
BO.9949.37,1000.0,
BO.9949.39,1000.0,
BO.9949.41,1000.0,
BO.9949.43,1000.0,
BO.9949.45,1000.0,
BO.9949.47,1000.0,
BO.9949.49,1000.0,
BO.9949.51,1000.0,
BO.9949.53,1000.0,
BO.9949.55,1000.0,
BMK-VP,9000.0,
KB25,23000.0,
BO19-10,90000.0,
BOI.9938.3.0.T,35000.0,
BOI.9938.3.5.T,35000.0,
BOI.9938.4.0.T,35000.0,
3010261011B,270000.0,
3010262005B,270000.0,
3010262007B,270000.0,
3010262009B,270000.0,
BOI.216.13.S,3000.0,
BOI.216.13.13S,1000.0,
BOI.216.13.13T,1000.0,
BOI.237.16.16G,1000.0,
BOI.237.18.18G,1000.0,
BOI.237.20.20G,1000.0,
BOI.237.22.22G,1000.0,
BOI.237.24.24G,1000.0,
BOI.237.26.26G,1000.0,
BOI.216.07.7S,1000.0,
BOI.216.07.7T,1000.0,
BO.06.710.25.S,1000.0,
BOI.205.10,1000.0,
BOI.205.12,1000.0,
BOI.205.16,1000.0,
BOI.205.6,220000.0,
BOI.205.8,1000.0,
BOI.141.10.S,1000.0,
BOI.141.11.S,1000.0,
BOI.141.12.S,1000.0,
BOI.141.14.S,1000.0,
BOI.141.04.S,1000.0,
BOI.141.05.S,1000.0,
BOI.141.06.S,1000.0,
BOI.141.07.S,1000.0,
BOI.141.08.S,1000.0,
BOI.141.09.S,1000.0,
BOI.118.70.S,1000.0,
BOI.118.80.S,1000.0,
BOI.118.100.S,1000.0,
BOI.118.105.S,1000.0,
BOI.118.110.S,1000.0,
BOI.118.60.S,1000.0,
BOI.118.65.S,1000.0,
BOI.118.75.S,1000.0,
BOI.118.85.S,1000.0,
BOI.118.90.S,1000.0,
BOI.118.95.S,1000.0,
BOI.139.130.10.S,1000.0,
BOI.139.130.11.S,1000.0,
BOI.139.130.12.S,1000.0,
BOI.139.130.14.S,1000.0,
BOI.139.130.03.S,1000.0,
BOI.139.130.04.S,1000.0,
BOI.139.130.05.S,1000.0,
BOI.139.130.06.S,1000.0,
BOI.139.130.07.S,1000.0,
BOI.139.130.08.S,1000.0,
BOI.139.130.09.S,1000.0,
BOI.152.36.S,1000.0,
BOI.152.36.T,1000.0,
BOI.152.40.S,1000.0,
BOI.152.40.T,1000.0,
BOI.152.46.S,1000.0,
BOI.152.46.T,1000.0,
BOI.152.50.S,1000.0,
BOI.152.50.T,1000.0,
BOI.152.56.S,1000.0,
BOI.152.56.T,1000.0,
BOI.152.60.S,1000.0,
BOI.152.60.T,1000.0,
BOI.152.66.S,1000.0,
BOI.152.66.T,1000.0,
BOI.152.72.S,1000.0,
BOI.152.72.T,1000.0,
BOI.06.151.10.32.S,1000.0,
BOI.06.151.10.34.S,1000.0,
BOI.06.151.10.36.S,1000.0,
BOI.06.151.10.38.S,1000.0,
BOI.06.151.10.40.S,1000.0,
BOI.06.151.10.42.S,1000.0,
BOI.06.151.11.32.S,1000.0,
BOI.06.151.11.34.S,1000.0,
BOI.06.151.11.36.S,1000.0,
BOI.06.151.11.38.S,1000.0,
BOI.06.151.11.40.S,1000.0,
BOI.06.151.11.42.S,1000.0,
BOI.06.151.09.32.S,1000.0,
BOI.06.151.09.34.S,1000.0,
BOI.06.151.09.36.S,1000.0,
BOI.06.151.09.38.S,1000.0,
BOI.06.151.09.40.S,1000.0,
BOI.06.151.09.42.S,1000.0,
BOI.06.151.10.32.T,1000.0,
BOI.06.151.10.34.T,1000.0,
BOI.06.151.10.36.T,1000.0,
BOI.06.151.10.38.T,1000.0,
BOI.06.151.10.40.T,1000.0,
BOI.06.151.10.42.T,1000.0,
BOI.06.151.11.32.T,1000.0,
BOI.06.151.11.34.T,1000.0,
BOI.06.151.11.36.T,1000.0,
BOI.06.151.11.38.T,1000.0,
BOI.06.151.11.40.T,1000.0,
BOI.06.151.11.42.T,1000.0,
BOI.06.151.09.32.T,1000.0,
BOI.06.151.09.34.T,1000.0,
BOI.06.151.09.36.T,1000.0,
BOI.06.151.09.38.T,1000.0,
BOI.06.151.09.40.T,1000.0,
BOI.06.151.09.42.T,1000.0,
BOI.161.1.0.300.S,1000.0,
BOI.161.1.2.300.S,1000.0,
BOI.161.1.5.300.S,1000.0,
BOI.161.1.8.300.S,1000.0,
BOI.161.2.0.300.S,1000.0,
BOI.161.2.5.300.S,1000.0,
BOI.161.3.0.300.S,1000.0,
BOI.134.11,250000.0,
BOI.134.12,250000.0,
BOI.134.13,250000.0,
BOI.134.14,250000.0,
BOI.203.04.S,1000.0,
BOI.203.06.S,220000.0,
BOI.203.08.S,1000.0,
BOI.251.31,400000.0,
BOI.251.33,400000.0,
BOI.251.35,400000.0,
BOI.251.37,1000.0,
BOI.251.39,1000.0,
BOI.251.41,1000.0,
BOI.125.10,1000.0,
BOI.125.11,170000.0,
BOI.125.12,1000.0,
BOI.125.15,1000.0,
BOI.125.16,1000.0,
BOI.125.5,170000.0,
BOI.125.7,1000.0,
BOI.125.9,1000.0,
BOI.205.10.S,1000.0,
BOI.206.12.S,1000.0,
BOI.206.14.S,1000.0,
BOI.206.16.S,1000.0,
BOI.206.18.S,1000.0,
BOI.206.20.S,1000.0,
BOI.205.08.S,1000.0,
BOI.217.3.0.T,60000.0,
BOI.217.5.0.T,60000.0,
BOI.01.217.5.0.T,1000.0,
BO.06.710.25.T,1000.0,
BOI.216.13.T,3000.0,
BOI.216.07.T,3000.0,
BOI.216.07.S,3000.0,
30243.1,3000.0,
3245452610,3500.0,
BM.3052180400.2.T,35000.0,
BM.3052180400.2.5.T,35000.0,
5031-00300,,369000.0
BO.167.10.T,1000.0,
BO.167.11.T,1000.0,
BO.167.12.T,1000.0,
BO.167.16.T,1000.0,
BO.167.11.S,1000.0,
BO.167.13.S,1000.0,
BO.167.15.S,1000.0,
BO.167.17.S,1000.0,
BO.167.7.S,1000.0,
BO.167.9.S,1000.0,
PC.300.30.10.1,10.0,
PC.300.30.10.2,10.0,
PC.300.30.10.3,10.0,
102.06.02125,400000.0,
102.06.02126,400000.0,
102.06.02127,400000.0,
PC.300.30.11.1,10.0,
PC.300.30.11.2,10.0,
PC.300.30.11.3,10.0,
BO.9940.75.L.S,1000.0,
BO.9940.75.R.S,220000.0,
2211.1511,220000.0,
2212.1511,220000.0,
2211.1513,220000.0,
2212.1513,220000.0,
2211.1506,220000.0,
2212.1506,220000.0,
2211.1505,220000.0,
2212.1505,220000.0,
1113.1510,1000.0,
1113.1508,1000.0,
BOI.105.12.S,3000.0,
BOI.105.14.S,3000.0,
BOI.105.16.S,3000.0,
BOI.105.18.S,3000.0,
BOI.105.20.S,3000.0,
BOI.105.28.S,3000.0,
BOI.105.30.S,3000.0,
BOI.104.30.S,3000.0,
BOI.105.32.S,3000.0,
BOI.105.34.S,3000.0,
BOI.104.35.S,3000.0,
BOI.105.36.S,3000.0,
BOI.105.40.S,3000.0,
BOI.104.40.S,3000.0,
BOI.105.42.S,3000.0,
BOI.105.44.S,3000.0,
BOI.104.45.S,3000.0,
BOI.105.46.S,3000.0,
BOI.105.48.S,3000.0,
BOI.105.50.S,3000.0,
BOI.104.50.S,3000.0,
BOI.105.55.S,3000.0,
BOI.104.55.S,3000.0,
BOI.105.60.S,3000.0,
BOI.104.60.S,3000.0,
BOI.105.65.S,3000.0,
BOI.105.70.S,3000.0,
9000.0100,1000.0,
BOI.115.100.S,1000.0,
BOI.115.100.Ti,1000.0,
BOI.115.105.S,1000.0,
BOI.115.105.Ti,1000.0,
BOI.115.110.S,1000.0,
BOI.115.110.Ti,1000.0,
BOI.115.30.S,1000.0,
BOI.115.30.Ti,1000.0,
BOI.115.35.S,1000.0,
BOI.115.35.Ti,1000.0,
BOI.115.40.S,1000.0,
BOI.115.40.Ti,1000.0,
BOI.115.45.S,1000.0,
BOI.115.45.Ti,1000.0,
BOI.115.50.S,1000.0,
BOI.115.50.Ti,1000.0,
BOI.115.55.S,1000.0,
BOI.115.55.Ti,1000.0,
BOI.115.60.S,1000.0,
BOI.115.60.Ti,1000.0,
BOI.115.65.S,1000.0,
BOI.115.65.Ti,1000.0,
BOI.115.70.S,1000.0,
BOI.115.70.Ti,1000.0,
BOI.115.75.S,1000.0,
BOI.115.75.Ti,1000.0,
BOI.115.80.S,1000.0,
BOI.115.80.Ti,1000.0,
BOI.115.85.S,1000.0,
BOI.115.85.Ti,1000.0,
BOI.115.90.S,1000.0,
BOI.115.90.Ti,1000.0,
BOI.115.95.S,1000.0,
BOI.115.95.Ti,1000.0,
BOI.106.30.S,1000.0,
BOI.106.30.Ti,1000.0,
BOI.106.35.S,1000.0,
BOI.106.35.Ti,1000.0,
BOI.106.40.S,1000.0,
BOI.106.40.Ti,1000.0,
BOI.106.45.S,1000.0,
BOI.106.45.Ti,1000.0,
BOI.106.50.S,1000.0,
BOI.106.50.Ti,1000.0,
BOI.106.55.S,1000.0,
BOI.106.55.Ti,1000.0,
BOI.106.60.S,1000.0,
BOI.106.60.Ti,1000.0,
BOI.106.65.S,1000.0,
BOI.106.65.Ti,1000.0,
BOI.106.70.S,1000.0,
BOI.106.70.Ti,1000.0,
BOI.106.75.S,1000.0,
BOI.106.75.Ti,1000.0,
BO.1062,1000.0,
BO.1063,1000.0,
BO.1064,1000.0,
9000.0694.1,1000.0,
9000.0694.2,1000.0,
9000.0697.1,1000.0,
9000.0697.2,1000.0,
9000.0698.1,1000.0,
9000.0698.2,1000.0,
BO.704.006,1000.0,
BO.704.007,1000.0,
BO.703.01,1000.0,
50.45.34.2,430000.0,
PC.300.30.07.1,10.0,
PC.300.30.07.2,10.0,
PC.300.30.07.3,10.0,
PC.300.30.09.1,10.0,
PC.300.30.09.2,10.0,
PC.300.30.09.3,10.0,
PC.300.30.08.1,10.0,
PC.300.30.08.10,10.0,
PC.300.30.08.11,10.0,
PC.300.30.08.12,10.0,
PC.300.30.08.2,10.0,
PC.300.30.08.3,10.0,
PC.300.30.08.4,10.0,
PC.300.30.08.5,10.0,
PC.300.30.08.6,10.0,
PC.300.30.08.7,10.0,
PC.300.30.08.8,10.0,
PC.300.30.08.9,10.0,
3170-28460,1000.0,34000.0
3170-28480,1000.0,34000.0
3170-28500,1000.0,34000.0
3170-28520,108000.0,34000.0
3170-28540,108000.0,34000.0
3170-28560,1000.0,34000.0
3170-28580,1000.0,34000.0
3170-28600,1000.0,34000.0
T040140,23000.0,
T804405,80000.0,
3211-02280,1000.0,
3211-01280,1000.0,
3211-00280,1000.0,
3211-02320,1000.0,
3211-01320,1000.0,
3211-00320,1000.0,
3211-03320,1000.0,
3211-02360,1000.0,
3211-01360,1000.0,104000.0
3211-00360,1000.0,
3211-02260,1000.0,
ACBS-14-13-55,220000.0,
ACBS-14-13-65,220000.0,
INACEIHB,220000.0,
157130500S,142000.0,
150110035S,142000.0,
1027,1.0,
10010.5.1,1000.0,
10010.5.2,1000.0,
10010.6.1,1.0,
10010.6.2,1.0,
10010.7.1,1.0,
10010.7.2,1.0,
BO.502.06,1000.0,
BO.501.05,220000.0,
BO.501.04,1000.0,
BO.501.06,220000.0,
BO.502.04,220000.0,
BO.502.05,220000.0,
BO.01.9928.L.10.T,220000.0,
BO.01.9928.R.10.T,220000.0,
BO.01.9928.L.06.T,270000.0,
BO.01.9928.L.10.S,170000.0,
BO.01.9928.L.06.S,1000.0,
BO.01.9928.R.06.S,1000.0,
BO.01.9928.L.08.S,1000.0,
BO.01.9928.R.08.S,1000.0,
BO.9928.L.04.T,220000.0,
BO.9928.R.04.T,220000.0,
BO.9928.L.06.T,220000.0,
BO.9928.R.06.T,220000.0,
BO.9928.L.08.T,220000.0,
BO.9928.R.08.T,220000.0,
BO.9928.L.04.S,170000.0,
BO.9928.R.04.S,170000.0,
BO.9928.L.06.S,170000.0,
BO.9928.R.06.S,170000.0,
BO.9928.L.08.S,170000.0,
BO.9928.R.08.S,170000.0,
4211.1902,1000.0,
4212.1902,1000.0,
4211.1903,250000.0,
4212.1903,250000.0,
4211.1904,250000.0,
4212.1904,250000.0,
4211.1905,250000.0,
4212.1905,250000.0,
4211.1906,250000.0,
4212.1906,250000.0,
CO-3010,80000.0,
BMD-MD.2,5000.0,
2000-00001,,83000.0
30236.2.12.S,3000.0,
1204.2012,5000.0,
30236.2.12.T.1,5000.0,
30236.2.14.S,3000.0,
1204.2014,5000.0,
30236.2.14.T.1,5000.0,
30236.2.16.S,3000.0,
1204.2016,5000.0,
30236.2.16.T.1,5000.0,
30236.2.18.S,3000.0,
1204.2018,5000.0,
30236.2.18.T.1,5000.0,
30236.2.20.S,3000.0,
1204.2020,5000.0,
30236.2.20.T.1,5000.0,
1204.2412,5000.0,
1204.2414,5000.0,
1204.2416,5000.0,
1204.2418,5000.0,
1204.2420,5000.0,
BOI.185.10.S,1000.0,
BOI.185.10.T,2000.0,
BOI.185.12.S,1000.0,
BOI.185.12.T,2000.0,
BOI.185.14.S,1000.0,
BOI.185.14.T,2000.0,
BOI.185.16.S,1000.0,
BOI.185.16.T,1000.0,
BOI.185.18.S,1000.0,
BOI.185.18.T,1000.0,
BOI.185.20.S,1000.0,
BOI.185.20.T,2000.0,
BOI.185.22.S,1000.0,
BOI.185.22.T,2000.0,
BOI.185.24.S,1000.0,
BOI.185.24.T,2000.0,
BOI.185.26.S,1000.0,
BOI.185.26.T,2000.0,
BOI.103.12.T,5000.0,
BO.102.14.S,3000.0,
BOI.103.14.T,5000.0,
BO.102.16.S,3000.0,
BOI.103.16.T,5000.0,
BO.102.18.S,3000.0,
BOI.103.18.T,5000.0,
BO.102.20.S,3000.0,
BOI.103.20.T,5000.0,
BO.102.22.S,3000.0,
BOI.103.22.T,5000.0,
BO.102.24.S,3000.0,
BOI.103.24.T,5000.0,
BO.102.26.S,3000.0,
BOI.103.26.T,5000.0,
BO.102.28.S,3000.0,
BOI.103.28.T,5000.0,
BO.102.30.S,3000.0,
BOI.103.30.T,5000.0,
BO.102.32.S,3000.0,
BOI.103.34.T,3500.0,
BO.102.36.S,3000.0,
BOI.103.36.T,3500.0,
BO.102.38.S,3000.0,
BOI.103.38.T,3500.0,
BO.102.40.S,3000.0,
BOI.103.40.T,3500.0,
BO.102.42.S,3000.0,
BOI.103.42.T,3500.0,
BO.102.44.S,3000.0,
BOI.103.44.T,3500.0,
BO.102.46.S,3000.0,
BOI.103.46.T,3500.0,
BO.102.48.S,3000.0,
BOI.103.48.T,3500.0,
BO.102.50.S,3000.0,
BOI.103.50.T,3500.0,
BOI.103.54.T,3500.0,
BOI.103.56.T,3500.0,
BO.102.58.S,3000.0,
BO.102.60.S,3000.0,
BOI.103.60.T,3500.0,
BO.103.34.S,1000.0,
BO.103.36.S,1000.0,
BO.103.38.S,1000.0,
BO.103.40.S,1000.0,
BO.103.42.S,3000.0,
BO.103.44.S,1000.0,
BO.103.46.S,1000.0,
BO.103.48.S,1000.0,
BOI.01.109.38.T,1000.0,
BOI.01.109.40.T,1000.0,
BOI.01.109.42.T,1000.0,
BOI.01.109.44.T,1000.0,
BOI.01.109.46.T,1000.0,
BOI.01.109.48.T,1000.0,
20323,180000.0,
20322,180000.0,
20321,180000.0,
20383,180000.0,
20382,180000.0,
20381,180000.0,
20384,180000.0,
20333,1000.0,
20332,1000.0,
20331,1000.0,
20334,1000.0,
20393,180000.0,
20392,180000.0,
20391,180000.0,
20394,180000.0,
DE-105,75000.0,
DE-106,75000.0,
DE-109,75000.0,
DE-210,75000.0,
DE-306,85000.0,
4804200001,1000.0,
3051020280,1000.0,
3051020300,1000.0,
3051030280,1000.0,
3051030300,1000.0,
3051010280,1000.0,
3051010300,1000.0,
3051020320,1000.0,
3051020340,1000.0,
3051020360,1000.0,
3051020380,1000.0,
3051020400,1000.0,
3051030320,1000.0,
3051030340,1000.0,
3051030360,1000.0,
3051030380,1000.0,
3051030400,1000.0,
3051010320,1000.0,
3051010340,1000.0,
3051010360,1000.0,
3051010380,1000.0,
3051010400,1000.0,
BO.163.L.11.S,1000.0,
BO.163.L.11.T,1000.0,
BO.163.R.11.S,1000.0,
BO.163.R.11.T,1000.0,
BO.163.L.13.S,1000.0,
BO.163.L.13.T,1000.0,
BO.163.R.13.S,1000.0,
BO.163.R.13.T,1000.0,
BO.163.L.05.S,1000.0,
BO.163.L.05.T,1000.0,
BO.163.R.05.S,1000.0,
BO.163.R.05.T,1000.0,
BO.163.L.07.S,1000.0,
BO.163.L.07.T,1000.0,
BO.163.R.07.S,1000.0,
BO.163.R.07.T,1000.0,
BO.163.L.09.S,1000.0,
BO.163.L.09.T,1000.0,
BO.163.R.09.S,1000.0,
BO.163.R.09.T,1000.0,
BO.269.10.S,170000.0,
BO.269.4.S,170000.0,
BO.269.6.S,170000.0,
BO.269.8.S,170000.0,
BO.269.10.T,220000.0,
BO.269.4.T,220000.0,
BO.269.5.T,220000.0,
BO.269.6.T,220000.0,
BO.269.8.T,220000.0,
BO.9907.L.11.S,1000.0,
BO.9907.L.11.T,1000.0,
BO.9907.R.11.S,1000.0,
BO.9907.R.11.T,220000.0,
BO.9907.L.13.S,1000.0,
BO.9907.L.13.T,220000.0,
BO.9907.R.13.S,1000.0,
BO.9907.R.13.T,220000.0,
BO.9907.L.3.S,1000.0,
BO.9907.R.3.S,1000.0,
BO.9907.R.3.T,220000.0,
BO.9907.L.3.T,1000.0,
BO.9907.L.5.S,1000.0,
BO.9907.L.5.T,1000.0,
BO.9907.R.5.S,1000.0,
BO.9907.R.5.T,1000.0,
BO.9907.L.7.S,1000.0,
BO.9907.L.7.T,1000.0,
BO.9907.R.7.S,1000.0,
BO.9907.R.7.T,1000.0,
3010261011,1000.0,
3010261013,1000.0,
3010261005,270000.0,
3010261007,1000.0,
3010261009,1000.0,
3010262011,1000.0,
3010262013,1000.0,
3010262005,1000.0,
3010262007,1000.0,
3010262009,1000.0,
3010261015,1000.0,
3010261005.R,270000.0,
3010261007.R,270000.0,
3010261009.R,270000.0,
3010262015,1000.0,
030740010,80000.0,
030740014,80000.0,
DM.04007000.20.CL,7000.0,
DM.04007000.24.CL,7000.0,
DM.04007000.26.CL,7000.0,
DM.04007000.28.CL,7000.0,
DM.04007000.32.CL,7000.0,
DM.04007000.34.CL,7000.0,
DM.04007000.36.CL,7000.0,
DM.04007000.38.CL,7000.0,
DM.04007000.40.CL,7000.0,
DM.04007000.42.CL,7000.0,
DM.04007000.14,7000.0,
DM.04007000.16,7000.0,
DM.04007000.18,7000.0,
DM.04007000.20,7000.0,
DM.04007000.22,7000.0,
DM.04007000.24,7000.0,
DM.04007000.52,7000.0,
042892012,16000.0,
042892013,16000.0,
042892014,16000.0,
042902712,16000.0,
0429027713,16000.0,
042902714,16000.0,
DM.073520400.1.5.T,35000.0,
DM.073520400.2.T,35000.0,
DM.073520400.2.5.T,35000.0,
DM.073520400.3.T,35000.0,
DM.073520400.3.5.T,35000.0,
DM.073520400.4.T,35000.0,
BO.710.025,1000.0,
BO.711.005,1000.0,
BO.710.006,1000.0,
BO.710.005,1000.0,
631,7000.0,
3051070000,1000.0,
3051070001,1000.0,
3050560000,1000.0,
3050560010,1000.0,
3050560015,1000.0,
3050560005,1000.0,
BO.710.042.S,10.0,
BO.710.042.T,10.0,
BO.04.389.T,1000.0,
BO.9941.L.10.S,1000.0,
BO.9941.L.10.T,220000.0,
BO.9941.R.10.S,1000.0,
BO.9941.R.10.T,1000.0,
BO.9941.L.12.S,1000.0,
BO.9941.L.12.T,1000.0,
BO.9941.R.12.S,1000.0,
BO.9941.R.12.T,1000.0,
BO.9941.L.14.S,1000.0,
BO.9941.L.14.T,220000.0,
BO.9941.R.14.S,1000.0,
BO.9941.R.14.T,1000.0,
BO.9941.L.4.S,1000.0,
BO.9941.L.4.T,220000.0,
BO.9941.R.4.S,1000.0,
BO.9941.R.4.T,220000.0,
BO.9941.L.6.S,1000.0,
BO.9941.L.6.T,220000.0,
BO.9941.R.6.S,1000.0,
BO.9941.R.6.T,220000.0,
BO.9941.L.8.S,1000.0,
BO.9941.L.8.T,1000.0,
BO.9941.R.8.S,1000.0,
BO.9941.R.8.T,1000.0,
3010531072,270000.0,
3010532072,270000.0,
3010622059,270000.0,
3010511060,270000.0,
3010512060,270000.0,
3010621059.L,270000.0,
5270-01021,1000.0,100000.0
5270-01022,,100000.0
5270-01031,210000.0,
5270-01032,1000.0,
5270-01041,1000.0,100000.0
5270-01042,1000.0,
5270-01051,1000.0,100000.0
5270-01052,1000.0,
5270-01061,,100000.0
5270-01062,210000.0,
5270-01071,210000.0,
5270-01072,245000.0,100000.0
5210-01021,161000.0,51000.0
5210-01022,161000.0,51000.0
5210-01031,161000.0,51000.0
5210-01032,161000.0,51000.0
5210-01041,161000.0,51000.0
5210-01042,161000.0,51000.0
5210-01051,161000.0,51000.0
5210-01052,161000.0,51000.0
5210-01061,161000.0,51000.0
5210-01062,161000.0,51000.0
5210-01071,161000.0,51000.0
5210-01072,161000.0,51000.0
5210-01081,161000.0,51000.0
5210-01082,161000.0,51000.0
5126-30021,45000.0,
5126-30022,45000.0,
3210-13220,30000.0,19000.0
3210-03280,1000.0,19000.0
3210-10280,1000.0,19000.0
3210-13280,1000.0,19000.0
3210-16280,1000.0,19000.0
3210-03320,1000.0,19000.0
3210-06320,29000.0,19000.0
3210-10320,1000.0,19000.0
3210-13320,1000.0,19000.0
3210-16320,1000.0,19000.0
3210-03360,1000.0,19000.0
3210-06360,1000.0,19000.0
3210-10360,1000.0,19000.0
3210-13360,1000.0,19000.0
3210-16360,1000.0,19000.0
3210-10220,30000.0,19000.0
3210-16220,30000.0,19000.0
3210-19220,30000.0,19000.0
3514-02100,113000.0,47000.0
3514-02110,110000.0,
3514-02120,113000.0,
3514-02130,113000.0,
3514-02140,1000.0,
3514-02080,110000.0,
3514-02090,110000.0,
3323-04100,1000.0,51000.0
3323-04110,1000.0,148000.0
3323-04120,1000.0,148000.0
3323-04130,1000.0,148000.0
3323-04140,1000.0,51000.0
3323-04150,1000.0,51000.0
3323-04160,1000.0,51000.0
3323-04170,1000.0,51000.0
3323-04080,1000.0,51000.0
3323-04090,1000.0,51000.0
3331-04100,172000.0,
3331-04110,1000.0,
3331-04120,172000.0,
3331-04130,172000.0,
3331-04060,172000.0,
3331-04070,1000.0,172000.0
3331-04080,,172000.0
3331-04090,172000.0,
4213.1804,1000.0,
4213.1805,1000.0,
4213.1806,1000.0,
4213.1807,250000.0,
4213.1808,250000.0,
1113.1804,1000.0,
1113.1805,1000.0,
1113.1806,1000.0,
1113.1807,1000.0,
1113.1808,1000.0,
238025M5,250000.0,
T040140G,25000.0,
54314,548000.0,
54313,548000.0,
54316,1000.0,
54315,1000.0,
54318,548000.0,
54317,548000.0,
54319,548000.0,
54320,548000.0,
54302,548000.0,
54301,548000.0,
54304,548000.0,
54303,548000.0,
54306,548000.0,
54305,1000.0,
54308,1000.0,
54307,1000.0,
54310,1000.0,
54309,1000.0,
54312,1000.0,
54311,1000.0,
54600,220000.0,
54531,220000.0,
54601,220000.0,
54604,220000.0,
54536,220000.0,
54605,220000.0,
54550,1000.0,
54506,220000.0,
54551,220000.0,
54507,220000.0,
54552,220000.0,
54508,220000.0,
54553,220000.0,
54509,220000.0,
54510,220000.0,
54554,1000.0,
54511,220000.0,
54555,220000.0,
54512,220000.0,
54556,220000.0,
54513,220000.0,
54557,220000.0,
54514,220000.0,
54515,220000.0,
54546,220000.0,
54501,220000.0,
54547,220000.0,
54502,220000.0,
54548,220000.0,
54503,220000.0,
54549,220000.0,
54504,220000.0,
54505,220000.0,
54588,220000.0,
54588E,1000.0,
54516,220000.0,
54589,220000.0,
54589E,1000.0,
54517,220000.0,
54590,220000.0,
54518,220000.0,
54591,220000.0,
54519,220000.0,
54520,220000.0,
54592,1000.0,
54592E,220000.0,
54521,1000.0,
54593,220000.0,
54522,1000.0,
54594,220000.0,
54523,220000.0,
54595,1000.0,
54524,220000.0,
54525,220000.0,
54596,220000.0,
54526,220000.0,
54597,1000.0,
54597E,220000.0,
54527,220000.0,
54598,220000.0,
54528,220000.0,
54599,220000.0,
54529,220000.0,
54530,220000.0,
54472,440000.0,
54473,1000.0,
54474,1000.0,
54475,1000.0,
54476,1000.0,
54477,440000.0,
54478,440000.0,
54479,440000.0,
54480,440000.0,
54471,440000.0,
5031-00602,,64000.0
5031-00601,,64000.0
5031-00605,,64000.0
5031-00604,,64000.0
5031-00608,,64000.0
5031-00607,,64000.0
5031-00611,,64000.0
5031-00610,,64000.0
3245070000,1000.0,
3245094031,1000.0,
3245094531,1000.0,
3245095031,1000.0,
3245095041,1000.0,
3245095541,1000.0,
3245095546,1000.0,
3245095551,1000.0,
3245096541,1000.0,
3245096546,1000.0,
3245096551,1000.0,
3245097046,1000.0,
3245097051,1000.0,
4702000300,1000.0,
BMK-MD.1,28000.0,
1013.4,1.0,
9000.0384.1,1000.0,
9000.0384.2,1000.0,
9000.0388.1,1000.0,
9000.0388.2,1000.0,
30204.4H.L.S,220000.0,
30204.4H.R.S,220000.0,
30204.5H.L.S,220000.0,
30204.5H.R.S,220000.0,
5031-00501,,343000.0
5031-00502,,343000.0
5031-00503,,343000.0
5031-00504,,343000.0
4213.1710,270000.0,
4213.1712,270000.0,
4213.1703,1000.0,
4213.1704,270000.0,
4213.1706,270000.0,
4213.1708,270000.0,
1211.1704,270000.0,
1212.1704,270000.0,
1211.1705,270000.0,
1212.1705,270000.0,
1111.1710,230000.0,
1111.1704,230000.0,
1111.1705,230000.0,
1111.1706,230000.0,
1111.1707,230000.0,
1111.1708,230000.0,
1112.1710,230000.0,
1112.1704,230000.0,
1112.1705,230000.0,
1112.1706,230000.0,
1112.1707,230000.0,
1112.1708,230000.0,
4106.0918,1000.0,
4106.0920,353000.0,
4106.0922,353000.0,
4106.0924,1000.0,
4106.0926,1000.0,
4106.0928,353000.0,
4106.0718,1000.0,
4106.0720,353000.0,
4106.0722,1000.0,
4106.0724,353000.0,
4106.0726,1000.0,
4106.0728,353000.0,
4106.0818,353000.0,
4106.0820,353000.0,
4106.0822,353000.0,
4106.0824,353000.0,
4106.0826,1000.0,
4106.0828,1000.0,
BOI.01.233.24.S,1000.0,
BOI.01.233.26.S,1000.0,
BOI.01.233.28.S,1000.0,
BOI.01.233.32.S,1000.0,
BOI.01.233.36.S,1000.0,
BOI.01.233.40.S,1000.0,
BOI.01.233.45.S,1000.0,
BOI.01.233.50.S,1000.0,
BOI.01.233.24.T,1000.0,
BOI.01.233.26.T,1000.0,
BOI.01.233.28.T,1000.0,
BOI.01.233.32.T,1000.0,
BOI.01.233.36.T,1000.0,
BOI.01.233.40.T,1000.0,
BOI.01.233.45.T,1000.0,
BOI.01.233.50.T,1000.0,
BOI.149.06.18.S,1000.0,
BOI.149.06.18.T,1000.0,
BOI.149.06.20.S,1000.0,
BOI.149.06.20.T,1000.0,
BOI.149.06.22.S,1000.0,
BOI.149.06.22.T,1000.0,
BOI.149.06.24.S,1000.0,
BOI.149.06.24.T,1000.0,
BOI.149.06.26.S,1000.0,
BOI.149.06.26.T,1000.0,
BOI.149.06.28.S,1000.0,
BOI.149.06.28.T,1000.0,
BOI.149.07.18.S,1000.0,
BOI.149.07.18.T,1000.0,
BOI.149.07.20.S,1000.0,
BOI.149.07.20.T,1000.0,
BOI.149.07.22.S,1000.0,
BOI.149.07.22.T,1000.0,
BOI.149.07.24.S,1000.0,
BOI.149.07.24.T,1000.0,
BOI.149.07.26.S,1000.0,
BOI.149.07.26.T,1000.0,
BOI.149.07.28.S,1000.0,
BOI.149.07.28.T,1000.0,
BOI.149.08.18.S,1000.0,
BOI.149.08.18.T,1000.0,
BOI.149.08.20.S,1000.0,
BOI.149.08.20.T,1000.0,
BOI.149.08.22.S,1000.0,
BOI.149.08.22.T,1000.0,
BOI.149.08.24.S,1000.0,
BOI.149.08.24.T,1000.0,
BOI.149.08.26.S,1000.0,
BOI.149.08.26.T,1000.0,
BOI.149.08.28.S,1000.0,
BOI.149.08.28.T,1000.0,
DS4C-050,205000.0,
DS4C-080,205000.0,
BO.200.1,1000.0,
BO.200.2,1000.0,
BOI.3936,1000.0,
BOI.3940,1000.0,
BOI.3946,1000.0,
BOI.3950,1000.0,
BOI.3956,1000.0,
BOI.3960,1000.0,
BOI.3965,1000.0,
BOI.04.150.09.28.SS,1000.0,
BOI.04.150.09.28.TI,1000.0,
BOI.04.150.09.30.SS,1000.0,
BOI.04.150.09.30.TI,1000.0,
BOI.04.150.09.32.SS,1000.0,
BOI.04.150.09.32.TI,1000.0,
BOI.04.150.09.34.SS,1000.0,
BOI.04.150.09.34.TI,1000.0,
BOI.04.150.09.36.SS,1000.0,
BOI.04.150.09.36.TI,1000.0,
BOI.04.150.09.38.SS,1000.0,
BOI.04.150.09.38.TI,1000.0,
BOI.04.150.09.40.SS,1000.0,
BOI.04.150.09.40.TI,1000.0,
BOI.04.150.10.28.SS,1000.0,
BOI.04.150.10.28.TI,1000.0,
BOI.04.150.10.30.SS,1000.0,
BOI.04.150.10.30.TI,1000.0,
BOI.04.150.10.32.SS,1000.0,
BOI.04.150.10.32.TI,1000.0,
BOI.04.150.10.34.SS,1000.0,
BOI.04.150.10.34.TI,1000.0,
BOI.04.150.10.36.SS,1000.0,
BOI.04.150.10.36.TI,1000.0,
BOI.04.150.10.38.SS,1000.0,
BOI.04.150.10.38.TI,1000.0,
BOI.04.150.10.40.SS,1000.0,
BOI.04.150.10.40.TI,1000.0,
BOI.04.150.11.28.SS,1000.0,
BOI.04.150.11.28.TI,1000.0,
BOI.04.150.11.30.SS,1000.0,
BOI.04.150.11.30.TI,1000.0,
BOI.04.150.11.32.SS,1000.0,
BOI.04.150.11.32.TI,1000.0,
BOI.04.150.11.34.SS,1000.0,
BOI.04.150.11.34.TI,1000.0,
BOI.04.150.11.36.SS,1000.0,
BOI.04.150.11.36.TI,1000.0,
BOI.04.150.11.38.SS,1000.0,
BOI.04.150.11.38.TI,1000.0,
BOI.04.150.11.40.SS,1000.0,
BOI.04.150.11.40.TI,1000.0,
36725,50000.0,
36730,50000.0,
36735,50000.0,
36740,50000.0,
36005,649000.0,
36009,649000.0,
36006,649000.0,
36010,649000.0,
36008,649000.0,
36011,649000.0,
36017,649000.0,
36015,649000.0,
36018,649000.0,
36016,649000.0,
35244,460000.0,
35246,460000.0,
35248,460000.0,
35250,1000.0,
35252,1000.0,
35254,1000.0,
35256,1000.0,
35258,1000.0,
35260,1000.0,
35262,1000.0,
35264,1000.0,
35266,460000.0,
35268,460000.0,
35270,460000.0,
35242,460000.0,
36362,120000.0,
36363,120000.0,
36366,120000.0,
36365,120000.0,
36367,120000.0,
36364,120000.0,
36370,1000.0,
36369,1000.0,
36371,1000.0,
36368,1000.0,
36329,120000.0,
36330,120000.0,
36378,120000.0,
36384,120000.0,
36385,120000.0,
549656,6400.0,
549741,6400.0,
549740,6400.0,
549739,6400.0,
549738,6400.0,
832770,56000.0,
832771-549982,56000.0,
832772-549981,56000.0,
832773-549980,56000.0,
832761,56000.0,
832762,56000.0,
832763,56000.0,
832764,56000.0,
832799-549823,114000.0,
832800-549822,114000.0,
832801-549821,114000.0,
832802,114000.0,
832803,114000.0,
832804,114000.0,
832805,114000.0,
832806,114000.0,
832807,114000.0,
832808,114000.0,
832853-549813,52000.0,
832854-549812,52000.0,
832855,52000.0,
832868,52000.0,
832869,52000.0,
832870-549797,52000.0,
832871-549796,52000.0,
832865,52000.0,
832866,52000.0,
832867,52000.0,
832701,172000.0,
832702,172000.0,
832703,172000.0,
832704,172000.0,
832705,172000.0,
832706,172000.0,
832707,172000.0,
832708,172000.0,
832700,172000.0,
10004,1.0,
10005․1,1.0,
10005․2,1.0,
10006․1,1.0,
10006․2,1.0,
BOI.162.1.5.300.S,600.0,
BOI.162.300,600.0,
2A2220211504,3500.0,
2A2220211506,3600.0,
WDTO00381,20000.0,
2A1112070604,20000.0,
2A1112060603,20000.0,
2A1112060604,20000.0,
2A1113020601,9000.0,
2A1113020602,9000.0,
WDTO02103,10000.0,
5273-09103,1000.0,43000.0
5273-09133,78000.0,
5273-10103,1000.0,
5273-10133,78000.0,
5273-11103,78000.0,
5273-11133,1000.0,
5273-12103,1000.0,
5273-12133,78000.0,
5273-13103,,43000.0
5273-13133,78000.0,43000.0
5273-14103,1000.0,
5273-14133,78000.0,
5273-15103,1000.0,
5273-15133,,43000.0
5273-16103,1000.0,
5273-16133,1000.0,
5273-09100,78000.0,
5273-09130,78000.0,
5273-09060,78000.0,
5273-10100,78000.0,
5273-10130,78000.0,
5273-10060,78000.0,
5273-11100,78000.0,
5273-11130,78000.0,
5273-11060,78000.0,
5273-12100,78000.0,
5273-12130,80000.0,43000.0
5273-12060,78000.0,
5273-13100,,43000.0
5273-13130,78000.0,
5273-13060,78000.0,43000.0
5273-14100,1000.0,
5273-14130,1000.0,
5273-14060,78000.0,
5273-15100,1000.0,43000.0
5273-15130,1000.0,
5273-15060,,43000.0
5273-16100,1000.0,
5273-16130,1000.0,
5273-16060,78000.0,
152040550S,142000.0,
20311.L.3H.T,220000.0,
20311.L.4H.T,220000.0,
20311.R.3H.T,220000.0,
20311.R.4H.T,220000.0,
30220.4L.R.S,170000.0,
30220.4H.R.S,170000.0,
30220.6H.L.S,170000.0,
30220.6H.R.S,170000.0,
30220.8H.L.S,170000.0,
30220.8H.R.S,170000.0,
101.03 5535,100000.0,
101.03 5540,100000.0,
101.03 5545,100000.0,
101.03 6530,100000.0,
101.03 6535,100000.0,
101.03 6540,200000.0,
101.03 6545,200000.0,
101.03 6550,100000.0,
030730010,80000.0,
1113.4710,1000.0,
1113.4712,1000.0,
1113.4706,1000.0,
1113.4707,1000.0,
1113.4708,1000.0,
1113.4709,1000.0,
1113.0105,1000.0,
1113.0106,1000.0,
1113.0107,1000.0,
1113.0108,1000.0,
1113.0109,1000.0,
1113.0310,1000.0,
1113.0311,1000.0,
1113.0312,1000.0,
1113.0314,1000.0,
1113.0306,1000.0,
1113.0307,1000.0,
1113.0308,1000.0,
1113.0309,1000.0,
1113.0210,1000.0,
1113.0211,1000.0,
1113.0212,1000.0,
1113.0214,1000.0,
1113.0206,1000.0,
1113.0207,1000.0,
1113.0208,1000.0,
1113.0209,1000.0,
3150-28353,1000.0,
3150-28373,1000.0,32000.0
3150-32393,1000.0,32000.0
3150-36443,1000.0,32000.0
3150-36483,1000.0,
3150-36523,1000.0,
BO.9930.30.T,3500.0,
BO.9930.35.T,3500.0,
BO.9930.40.T,1000.0,
BO.9930.45.T,1000.0,
BO.9930.50.T,1000.0,
BO.9930.55.T,1000.0,
BO.9930.60.T,1000.0,
BO.9930.65.T,1000.0,
BO.9930.70.T,1000.0,
BO.9930.80.T,1000.0,
BO.9930.85.T,1000.0,
2204.2412,7000.0,
2204.2414,7000.0,
2204.2416,7000.0,
2204.2418,7000.0,
2204.2420,7000.0,
2204.2422,7000.0,
2204.2424,7000.0,
BO.186.10.S,1000.0,
BO.186.10.T,3500.0,
BO.186.12.S,1000.0,
BO.186.12.T,3500.0,
BO.186.14.S,1000.0,
BO.186.14.T,3500.0,
BO.186.16.S,1000.0,
BO.186.16.T,1000.0,
BO.186.18.S,1000.0,
BO.186.18.T,1000.0,
BO.186.20.S,1000.0,
BO.186.20.T,1000.0,
BO.186.22.S,1000.0,
BO.186.22.T,3500.0,
BO.186.24.S,1000.0,
BO.186.24.T,3500.0,
BO.186.26.S,1000.0,
BO.186.26.T,3500.0,
BO.186.28.S,1000.0,
BO.186.28.T,3500.0,
BO.186.30.S,1000.0,
BO.186.30.T,3500.0,
BO.204.32.S,1000.0,
BO.204.32.T,3500.0,
BO.204.34.S,1000.0,
BO.204.34.T,3500.0,
BO.204.36.S,1000.0,
BO.204.36.T,3500.0,
BO.204.38.S,1000.0,
BO.204.38.T,3500.0,
BO.204.40.S,1000.0,
BO.204.40.T,3500.0,
BO.168.10.T,1000.0,
BO.168.12.T,1000.0,
BO.168.14.T,1000.0,
BO.168.16.T,1000.0,
BO.168.18.T,1000.0,
BO.168.20.T,1000.0,
BO.168.22.T,1000.0,
BO.168.24.T,1000.0,
BO.168.26.T,1000.0,
BO.168.28.T,1000.0,
BO.168.30.T,1000.0,
BO.168.32.T,1000.0,
BO.168.34.T,3500.0,
BO.168.36.T,1000.0,
BO.168.38.T,1000.0,
BO.168.40.T,1000.0,
BO.168.42.T,3500.0,
BO.168.44.T,3500.0,
BO.168.46.T,1000.0,
BO.168.48.T,1000.0,
BO.168.50.T,3500.0,
BO.168.52.T,1000.0,
BO.168.54.T,3500.0,
BO.168.58.T,3500.0,
BO.168.60.T,1000.0,
BO.168.12.S,5000.0,
BO.168.14.S,1000.0,
BO.168.16.S,1000.0,
BO.168.18.S,1000.0,
BO.168.20.S,1000.0,
BO.168.22.S,1000.0,
BO.168.24.S,1000.0,
BO.168.26.S,1000.0,
BO.168.28.S,1000.0,
BO.168.30.S,1000.0,
BO.168.32.S,1000.0,
BO.168.34.S,1000.0,
BO.168.36.S,1000.0,
BO.168.38.S,1000.0,
BO.168.40.S,1000.0,
BO.168.42.S,1000.0,
BO.168.44.S,1000.0,
BO.168.46.S,1000.0,
BO.168.48.S,1000.0,
BO.168.50.S,1000.0,
BO.168.55.S,1000.0,
BO.168.56.S,5000.0,
BO.170.20.T,3500.0,
BO.170.25.T,3500.0,
BO.170.30.T,1000.0,
BO.170.35.T,1000.0,
BO.170.40.T,1000.0,
BO.170.45.T,1000.0,
BO.170.50.T,1000.0,
BO.170.55.T,1000.0,
BO.170.60.T,1000.0,
BO.170.65.T,1000.0,
BO.170.70.T,1000.0,
BO.170.75.T,1000.0,
BO.170.80.T,1000.0,
4214.4535,1000.0,
4214.4540,1000.0,
4214.4545,1000.0,
4214.4550,1000.0,
4214.4555,1000.0,
4214.4560,1000.0,
4214.4565,1000.0,
4214.4570,1000.0,
4214.4575,1.0,
4214.4580,1.0,
4214.4585,1.0,
4214.4590,1.0,
BO.169.24.S,1000.0,
BO.169.26.S,1000.0,
BO.169.28.S,1000.0,
BO.169.30.S,1000.0,
BO.169.32.S,1000.0,
BO.169.34.S,1000.0,
BO.169.34.T,1000.0,
BO.169.36.S,1000.0,
BO.169.36.T,1000.0,
BO.169.38.S,1000.0,
BO.169.38.T,1000.0,
BO.169.40.S,1000.0,
BO.169.40.T,1000.0,
BO.169.42.S,1000.0,
BO.169.42.T,1000.0,
BO.169.44.S,1000.0,
BO.169.44.T,1000.0,
BO.169.46.S,1000.0,
BO.169.46.T,1000.0,
BO.169.48.S,1000.0,
BO.169.50.S,1000.0,
BO.169.50.T,1000.0,
BO.169.55.S,1000.0,
BO.169.55.T,1000.0,
BO.169.60.S,1000.0,
BO.169.60.T,1000.0,
BO.169.65.S,1000.0,
BO.169.65.T,1000.0,
BO.169.70.S,1000.0,
BO.169.70.T,1000.0,
BO.169.75.S,1000.0,
BO.169.75.T,1000.0,
BO.169.80.S,1000.0,
BO.169.80.T,1000.0,
BO.169.85.S,1000.0,
BO.169.85.T,1000.0,
BO.169.90.S,1000.0,
BO.169.90.T,1000.0,
BO.170.12.T,1000.0,
BO.170.28.T,1000.0,
BO.9929.14.T,1000.0,
BO.9929.16.T,1000.0,
BO.9929.18.T,1000.0,
BO.9929.30.T,1000.0,
BO.9929.32.T,1000.0,
BO.9929.36.T,1000.0,
BO.9929.38.T,1000.0,
BO.9929.40.T,1000.0,
BO.9929.42.T,1000.0,
BO.9929.44.T,1000.0,
BO.9929.48.T,1000.0,
BO.9929.50.T,1000.0,
BO.9929.54.T,1000.0,
BO.9929.58.T,1000.0,
BO.171.55.T,3500.0,
BO.171.60.T,3500.0,
BO.171.65.T,1000.0,
BO.171.70.T,1000.0,
BO.171.75.T,1000.0,
BO.171.80.T,1000.0,
BO.171.85.T,1000.0,
BO.9929.14.S,1000.0,
BO.9929.16.S,1000.0,
BO.9929.18.S,1000.0,
BO.9929.20.S,1000.0,
BO.9929.32.S,1000.0,
BO.9929.36.S,1000.0,
BO.9929.40.S,1000.0,
BO.9929.44.S,1000.0,
BO.9929.48.S,1000.0,
BO.9929.50.S,1000.0,
BO.9929.52.S,1000.0,
BO.9929.54.S,1000.0,
BO.9929.58.S,1000.0,
BO.9930.40.S,1500.0,
BO.9930.45.S,1500.0,
BO.9930.50.S,1500.0,
BO.9930.55.S,1500.0,
BO.9930.60.S,1500.0,
BO.9930.65.S,1000.0,
BO.9930.70.S,1000.0,
BO.9930.75.S,1000.0,
BO.9930.80.S,1000.0,
BO.9930.85.S,1000.0,
BO.9930.90.S,1000.0,
BO.9930.95.S,1000.0,
BO.171.50.S,1500.0,
BO.171.55.S,1000.0,
BO.171.60.S,1000.0,
BO.171.65.S,1000.0,
BO.171.70.S,1000.0,
BO.171.75.S,1000.0,
BO.171.80.S,1000.0,
BO.171.85.S,1000.0,
4208.1024,1000.0,
4208.1028,1000.0,
4208.1032,1000.0,
4208.1036,1000.0,
4208.1038,1000.0,
4208.1124,1000.0,
4208.1128,1000.0,
4208.1132,1000.0,
4208.1136,1000.0,
4208.1138,1000.0,
4208.1140,1000.0,
4208.0924,454000.0,
4208.0928,1000.0,
4208.0932,1000.0,
4209.1024,1000.0,
4209.1028,1000.0,
4209.1032,1000.0,
4209.1036,1000.0,
4209.1038,1000.0,
4209.1124,1000.0,
4209.1128,1000.0,
4209.1132,1000.0,
4209.1136,1000.0,
4209.1138,1000.0,
4209.1140,1000.0,
4227.1140,454000.0,
4209.0924,1000.0,
4209.0928,1000.0,
4209.0932,1000.0,
152000140S,40000.0,
152000200S,40000.0,
5279-53350,1000.0,
WDTO01013,10000.0,
BO.9908.L.11.S,1000.0,
BO.9908.L.11.T,220000.0,
BO.9908.R.11.S,1000.0,
BO.9908.R.11.T,220000.0,
BO.9908.L.13.S,1000.0,
BO.9908.L.13.T,220000.0,
BO.9908.R.13.S,1000.0,
BO.9908.R.13.T,220000.0,
BO.9908.L.3.S,1000.0,
BO.9908.L.3.T,1000.0,
BO.9908.R.3.S,1000.0,
BO.9908.R.3.T,1000.0,
BO.9908.L.5.S,1000.0,
BO.9908.L.5.T,1000.0,
BO.9908.R.5.S,1000.0,
BO.9908.R.5.T,1000.0,
BO.9908.L.7.S,1000.0,
BO.9908.L.7.T,1000.0,
BO.9908.R.7.S,1000.0,
BO.9908.R.7.T,1000.0,
BO.9908.L.9.S,1000.0,
BO.9908.L.9.T,1000.0,
BO.9908.R.9.S,1000.0,
BO.9908.R.9.T,1000.0,
BO.9909.11.L,1000.0,
BO.9909.11.R,1000.0,
BO.9909.13.L,1000.0,
BO.9909.13.R,1000.0,
BO.9909.15.L,1000.0,
BO.9909.15.R,1000.0,
BO.9909.5.L,1000.0,
BO.9909.5.R,1000.0,
BO.9909.7.L,1000.0,
BO.9909.7.R,1000.0,
BO.9909.9.L,1000.0,
BO.9909.9.R,1000.0,
BO.268.L.10.S,1000.0,
BO.268.L.10.T,1000.0,
BO.268.L.12.S,1000.0,
BO.268.L.12.T,1000.0,
BO.268.L.14.S,1000.0,
BO.268.L.14.T,1000.0,
BO.268.L.16.S,1000.0,
BO.268.L.16.T,40000.0,
BO.268.L.4.S,1000.0,
BO.268.L.04.T,1000.0,
BO.268.L.6.S,1000.0,
BO.268.L.06.T,1000.0,
BO.268.L.8.S,1000.0,
BO.268.L.08.T,1000.0,
BO.268.R.10.S,1000.0,
BO.268.R.10.T,1000.0,
BO.268.R.12.S,1000.0,
BO.268.R.12.T,1000.0,
BO.268.R.14.S,1000.0,
BO.268.R.14.T,1000.0,
BO.268.R.16.S,1000.0,
BO.268.R.16.T,40000.0,
BO.268.R.4.S,1000.0,
BO.268.R.04.T,1000.0,
BO.268.R.6.S,1000.0,
BO.268.R.06.T,1000.0,
BO.268.R.8.S,1000.0,
BO.268.R.08.T,40000.0,
151173014S,80000.0,
151355317S,80000.0,
WDTO01021,25000.0,
50.45.34.4,430000.0,
WDTO01006,25000.0,
WDTO01022,20000.0,
WDTO01007,25000.0,
"BO.995002.37 -0,5",100000.0,
"BO.995002.39 -0,5",100000.0,
"BO.995002.41 -0,5",100000.0,
"BO.995002.43 -0,5",100000.0,
"BO.995002.45 -0,5",100000.0,
"BO.995002.47 -0,5",49000.0,
"BO.995002.49 -0,5",49000.0,
"BO.995002.51 -0,5",49000.0,
"BO.995002.53 -0,5",49000.0,
"BO.995002.55 -0,5",49000.0,
BO.995002.37,100000.0,
BO.995002.39,100000.0,
BO.995002.41,100000.0,
BO.995002.43,100000.0,
BO.995002.45,1000.0,
BO.995002.47,1000.0,
BO.995002.49,1000.0,
BO.995002.51,1000.0,
BO.995002.53,1000.0,
BO.995002.55,100000.0,
BO.995103,1000.0,
BO.995102,1000.0,
BO.995101,1000.0,
BO.995104,100000.0,
BO.995105,100000.0,
3010040011,1000.0,
3010040013,1000.0,
3010040015,1000.0,
3010040007,1000.0,
3010040009,1000.0,
RDP-7,150000.0,
RDP-8,160000.0,
RDP-10,205000.0,
WDTO01025,40000.0,
9000.0291,1000.0,
9000.0292,1000.0,
1000-00001,,9000.0
2211.1204,220000.0,
2212.1204,220000.0,
2211.1205,220000.0,
2212.1205,220000.0,
1111.1104,170000.0,
1112.1104,170000.0,
1111.1105,170000.0,
1112.1105,170000.0,
BO.509.R.4.L.S,1000.0,
BO.509.R.4.R.S,1000.0,
BO.509.R.6.L.S,1000.0,
BO.509.R.8.L.S,1000.0,
BO.509.R.6.R.S,1000.0,
BO.509.R.8.R.S,1000.0,
30211.4H.S,170000.0,
30211.5H.S,170000.0,
30211.6H.S,170000.0,
30211.7H.S,170000.0,
30211.8H.S,170000.0,
30211.9H.S,170000.0,
9000.0286.1,1000.0,
9000.0286.2,1000.0,
50.45.34.3,430000.0,
3010300003,270000.0,
3010290003,270000.0,
3010310003,270000.0,
152060300S,25000.0,
4207.1018,1000.0,
4207.1020,1000.0,
4207.1022,1000.0,
4207.1118,1000.0,
4207.1120,1000.0,
4207.1122,1000.0,
4207.0918,1000.0,
4207.0920,1000.0,
4207.0922,1000.0,
4230.1000,1000.0,
4230.1005,1000.0,
4230.1010,1000.0,
4230.1080,1000.0,
4230.1085,1000.0,
4230.1090,1000.0,
4230.1095,1000.0,
20311.3H.L.T,220000.0,
20311.4H.L.T,220000.0,
20311.3H.R.T,220000.0,
20311.4H.R.T,220000.0,
20310.4H.T,220000.0,
20310.5H.T,220000.0,
20310.6H.T,220000.0,
20310.7H.T,220000.0,
20310.8H.T,220000.0,
20311.3H.T,220000.0,
20311.4H.T,220000.0,
20311.5H.T,220000.0,
20311.7H.T,220000.0,
20311.8H.T,220000.0,
20223,180000.0,
20222,180000.0,
20221,180000.0,
20283,180000.0,
20282,1000.0,
20281,180000.0,
20284,180000.0,
20233,180000.0,
20232,180000.0,
20231,180000.0,
20234,180000.0,
20293,180000.0,
20292,180000.0,
20291,180000.0,
20294,180000.0,
8001.4.5.30,200000.0,
8001.5.35,200000.0,
8001.5.40,200000.0,
8001.5.5.40,200000.0,
8001.5.5.45,200000.0,
8001.6.40,200000.0,
8001.6.45,200000.0,
8001.6.5.35,200000.0,
8001.6.5.40,200000.0,
8001.6.5.45,200000.0,
8001.7.45,200000.0,
8001.7.50,200000.0,
8001.4530,38600.0,
8001.5035,38600.0,
8001.5040,38600.0,
8001.5540,38600.0,
8001.5545,38600.0,
8001.5550,38600.0,
8001.6040,38600.0,
8001.6045,38600.0,
8001.6535,38600.0,
8001.6540,38600.0,
8001.6545,38600.0,
8001.6550,38600.0,
8001.7045,38600.0,
8001.7050,38600.0,
PSO-PTT,295000.0,
PSO-PBT,295000.0,
PSO-VTT,345000.0,
PSO-PT,230000.0,
PSO-PB,255000.0,
PSO-VT,280000.0,
BO.02.9938.11.S.S.,1000.0,
BO.02.9938.11.Ti,1000.0,
BO.02.9938.13.S.S.,1000.0,
BO.02.9938.13.Ti,1000.0,
BO.02.9938.05.S.S.,1000.0,
BO.02.9938.05.Ti,1000.0,
BO.02.9938.07.S.S.,1000.0,
BO.02.9938.07.Ti,1000.0,
BO.02.9938.09.S.S.,1000.0,
BO.02.9938.09.Ti,1000.0,
3010460003,1000.0,
3010460004,1000.0,
3010460005,1000.0,
3010460006,1000.0,
3010460007,1000.0,
3010460008,1000.0,
3010460009,1000.0,
BO.01.156.10.S,1000.0,
BO.01.156.12.S,1000.0,
BO.01.156.02.S,1000.0,
BO.01.156.03.S,1000.0,
BO.01.156.04.S,1000.0,
BO.01.156.08.S,1000.0,
BO.01.156.09.S,1000.0,
BO.02.156.10.S,1000.0,
BO.02.156.10.T,1000.0,
BO.02.156.12.T,1000.0,
BO.02.156.13.S,1000.0,
BO.02.156.03.S,1000.0,
BO.02.156.03.T,1000.0,
BO.02.156.04.S,1000.0,
BO.02.156.04.T,1000.0,
BO.02.156.05.S,1000.0,
BO.02.156.05.T,1000.0,
BO.02.156.06.S,1000.0,
BO.02.156.06.T,1000.0,
BO.02.156.07.S,1000.0,
BO.02.156.07.T,1000.0,
BO.02.156.08.S,1000.0,
BO.02.156.08.T,1000.0,
3010051010,1000.0,
3010052010,1000.0,
3010051012,1000.0,
3010052012,1000.0,
3010051004,1000.0,
3010052004,1000.0,
3010051006,1000.0,
3010052006,1000.0,
3010051008,1000.0,
3010052008,1000.0,
BO.9986.L.10.S,1000.0,
BO.9986.L.10.T,1000.0,
BO.9986.L.12.S,1000.0,
BO.9986.L.12.T,1000.0,
BO.9986.L.14.S,1000.0,
BO.9986.L.14.T,1000.0,
BO.9986.L.04.S,1000.0,
BO.9986.L.04.T,1000.0,
BO.9986.L.06.S,1000.0,
BO.9986.L.06.T,1000.0,
BO.9986.L.08.S,1000.0,
BO.9986.L.08.T,270000.0,
BO.9986.R.10.S,1000.0,
BO.9986.R.10.T,1000.0,
BO.9986.R.12.S,1000.0,
BO.9986.R.12.T,1000.0,
BO.9986.R.14.S,1000.0,
BO.9986.R.14.T,1000.0,
BO.9986.R.04.S,1000.0,
BO.9986.R.04.T,270000.0,
BO.9986.R.06.S,1000.0,
BO.9986.R.06.T,1000.0,
BO.9986.R.08.S,1000.0,
BO.9986.R.08.T,1000.0,
50208.85.S,1000.0,
50208.90.S,1000.0,
50208.95.S,1000.0,
Bo.183 T,220000.0,
Bo.182 T,220000.0,
2213.1104,230000.0,
2213.1105,230000.0,
1113.1104,170000.0,
1113.1105,170000.0,
1113.1107,170000.0,
1113.1108,170000.0,
5041-00102,140000.0,50000.0
5041-00103,140000.0,50000.0
5041-00101,140000.0,50000.0
5041-00105,140000.0,50000.0
5041-00106,140000.0,50000.0
5041-00104,,300000.0
5041-00108,,300000.0
5041-00109,,300000.0
5041-00107,,300000.0
5041-00202,,350000.0
5041-00206,,350000.0
5041-00210,,350000.0
5041-00203,160000.0,76000.0
5041-00207,160000.0,76000.0
5041-00211,,350000.0
RE-1141,100000.0,
BO.9912.11.T,220000.0,
BO.9912.13.T,220000.0,
BO.9912.15.T,1000.0,
BO.9912. 5.T,1000.0,
BO.9912.7.T,1000.0,
BO.9912.9.T,1000.0,
BO.9912.11.S,1000.0,
BO.9912.12.S,170000.0,
BO.9912.14.S,1000.0,
BO.9912.5.S,1000.0,
BO.9912.7.S,170000.0,
BO.9912.9.S,170000.0,
30202.10H.S,220000.0,
30212.14H.S,220000.0,
M30 SE010,550000.0,
M30 SE030,550000.0,
M30 SE040,550000.0,
M30 SE020,550000.0,
M03 S0002,350000.0,
M03 S0003,350000.0,
M03 S0001,100000.0,
RES0812101J15L,120000.0,
5031-00201,,25000.0
5031-00202,,25000.0
5031-00203,,25000.0
5031-00204,,25000.0
5031-00205,,25000.0
5031-00206,,25000.0
5031-00207,,25000.0
5031-00208,,25000.0
3111-02562,145000.0,66000.0
3111-12562,145000.0,66000.0
3111-12602,1000.0,66000.0
3111-02602,145000.0,66000.0
3111-02642,145000.0,66000.0
3111-12642,145000.0,66000.0
3111-02522,145000.0,66000.0
3111-12522,1000.0,66000.0
3240200490,10.0,
080390200,10.0,
1111.1412,170000.0,
1112.1412,170000.0,
1111.1406,1000.0,
1112.1406,1000.0,
1111.1407,1000.0,
1112.1407,1000.0,
1111.1408,1000.0,
1112.1408,1000.0,
1111.1409,1000.0,
1112.1409,1000.0,
4211.1410,220000.0,
4212.1410,220000.0,
4211.1407,220000.0,
4212.1407,220000.0,
4211.1408,220000.0,
4212.1408,220000.0,
4211.1409,220000.0,
4212.1409,220000.0,
50.45.34.5,15000.0,
50.45.34.6,15000.0,
3146-60200,1000.0,2300.0
3146-60250,1000.0,
3146-60260,1000.0,
3146-60300,1000.0,2300.0
3146-60350,1000.0,
3146-60400,1000.0,
3146-60450,1000.0,
SBB.01,10.0,1.0
SBB.10,1000.0,
SBB.11,1000.0,
SBB.12,1000.0,
SBB.13,1000.0,
SBB.14,1000.0,
SBB.15,1000.0,
SBB.16,1000.0,
SBB.17,1000.0,
SBB.02,10.0,1.0
SBB.04,1000.0,
SBB.05,1000.0,
SBB.06,1000.0,
SBB.07,1000.0,
SBB.08,1000.0,
SBB.09,1000.0,
SBS.01,10.0,1.0
SBS.10,10.0,1.0
SBS.11,10.0,1.0
SBS.12,10.0,1.0
SBS.13,10.0,1.0
SBS.14,1000.0,
SBS.15,1000.0,
SBS.16,1000.0,
SBS.17,1000.0,
SBS.18,1000.0,
SBS.19,1000.0,
SBS.02,10.0,1.0
SBS.20,1000.0,
SBS.21,1000.0,
SBS.22,1000.0,
SBS.23,1000.0,
SBS.24,1000.0,
SBS.25,1000.0,
SBS.26,1000.0,
SBS.03,10.0,1.0
SBS.04,10.0,1.0
SBS.05,10.0,1.0
SBS.06,10.0,1.0
SBS.07,10.0,1.0
SBS.08,10.0,1.0
SBS.09,10.0,1.0
5279-00600,1000.0,
5279-00700,1000.0,
BO.1065,1000.0,
BO.1042,1000.0,
BO.1035,1000.0,
BO.1045,1000.0,
4701200900,1000.0,
4701200600,1000.0,
BO.1043,1000.0,
WDTO02107,20000.0,
INACEIHM1,220000.0,
4950403000,25000.0,
16710,300000.0,
16711,300000.0,
16712,300000.0,
16713,300000.0,
16715,300000.0,
16717,300000.0,
16720,300000.0,
16706,300000.0,
16707,300000.0,
16708,300000.0,
15710,1000.0,
15711,1000.0,
15712,1000.0,
15713,1000.0,
15715,1000.0,
15717,1000.0,
15720,1000.0,
15706,450000.0,
15707,450000.0,
15708,450000.0,
BO.1054,1000.0,
BO.1053,1000.0,
4800100500,3000.0,
BO.1055,1000.0,
BO.1056,1000.0,
SM1-2010H,450000.0,
SM1-2010L,450000.0,
SM1-2010M,450000.0,
SM8A-2010,700000.0,
BO.155.11.S,1000.0,
BO.155.12.S,1000.0,
BO.155.07.S,1000.0,
BO.155.09.S,1000.0,
BO.155.11.T,1000.0,
BO.155.12.T,1000.0,
BO.155.07.T,1000.0,
BO.155.09.T,1000.0,
4803201200,1000.0,
4702000400,1000.0,
MB1LC40,100000.0,
MB1PS780,100000.0,
MB1PS845,100000.0,
MB1PS850,100000.0,
MB2DTTL,150000.0,
MB1PS430,100000.0,
MB1PS530,100000.0,
MB1PS535,100000.0,
MB1PSS440,100000.0,
MB1PSS540,100000.0,
MB1PSS545,100000.0,
MB1PSS550,100000.0,
MB1PSS640,100000.0,
MB1PSS645,100000.0,
MB1PSS650,100000.0,
MB1PSS745,100000.0,
MB1PSS750,100000.0,
MB1R55500,50000.0,
MB2LS,10000.0,
01-0350,180000.0,
3051060040,1000.0,
3051060045,1000.0,
3051060050,1000.0,
3051060055,1000.0,
3051060060,1000.0,
3051060065,1000.0,
3051060070,1000.0,
3051060075,1000.0,
3051060080,1000.0,
3051060085,1000.0,
3051060090,1000.0,
8213.0804,220000.0,
8213.0805,220000.0,
8213.0806,220000.0,
8213.0807,220000.0,
8213.0808,220000.0,
8213.1405,220000.0,
8213.1406,220000.0,
9000.0917,1000.0,
9000.0927,1000.0,
30230A.4H.S,170000.0,
30230A.5H.S,170000.0,
30230A.6H.S,170000.0,
30230A.4H.T,220000.0,
30230A.5H.T,220000.0,
30230A.6H.T,220000.0,
HF-A-118,25000.0,
HF-A-228,40000.0,
3050520240,1000.0,
3050520260,1000.0,
3050520280,1000.0,
3050520300,1000.0,
3050520320,1000.0,
3050520340,1000.0,
3050520360,1000.0,
3050500260,1000.0,
3050500280,1000.0,
3050500300,1000.0,
3050500320,1000.0,
3050500340,1000.0,
3050500360,1000.0,
3050510240,1000.0,
3050510260,1000.0,
3050510280,1000.0,
3050510300,1000.0,
3050510320,1000.0,
3050510340,1000.0,
3050510360,1000.0,
SX-200,150000.0,
880223,25000.0,
B01.262.10.S,1000.0,
B01.262.12.S,220000.0,
B01.262.4.S,1000.0,
B01.262.5.S,1000.0,
B01.262.6.S,1000.0,
B01.262.7.S,1000.0,
B01.262.8.S,1000.0,
B01.262.9.S,1000.0,
8213.1003,220000.0,
8213.1005,220000.0,
8213.1006,220000.0,
8213.1007,220000.0,
8213.1008,220000.0,
8213.1603,220000.0,
8213.1605,220000.0,
8213.1607,220000.0,
30231A.4H.S,170000.0,
30231A.4h.T,190000.0,
30231A.5H.S,170000.0,
30231A.5h.T,190000.0,
30231A.6H.S,170000.0,
30231A.7H.S,170000.0,
30219.4H.S,170000.0,
30219.5H.S,170000.0,
30219.6H.S,170000.0,
30219.7H.S,170000.0,
30219.8H.S,170000.0,
3081451021,20000.0,
3081440720,20000.0,
3081440821,20000.0,
3081450920,20000.0,
BO.143.16.T,1000.0,
BO.143.18.T,1000.0,
4211.0503,1000.0,
4212.0503,1000.0,
4211.0505,1000.0,
4212.0505,1000.0,
4211.0507,1000.0,
4212.0507,270000.0,
4211.0509,1000.0,
4212.0509,1000.0,
2211.0505,1000.0,
2212.0505,1000.0,
2211.0507,1000.0,
2212.0507,1000.0,
2211.0509,1000.0,
2212.0509,1000.0,
4101.1024,354000.0,
4101.1026,1000.0,
4101.1028,354000.0,
4101.1030,354000.0,
4101.1032,354000.0,
4101.1034,1000.0,
4101.1036,354000.0,
4101.0826,1000.0,
4101.0828,1000.0,
4101.0830,1000.0,
4101.0832,1000.0,
4101.0834,1000.0,
4101.0836,1000.0,
4101.0924,354000.0,
4101.0926,1000.0,
4101.0928,354000.0,
4101.0930,354000.0,
4101.0932,354000.0,
4101.0934,1000.0,
4101.0936,354000.0,
5128-15021,45000.0,
5128-15022,45000.0,
5276-12021,1000.0,150000.0
5276-12022,150000.0,
5276-12031,150000.0,
5276-12032,150000.0,
5276-12041,150000.0,
5276-12042,150000.0,
5276-12051,150000.0,
5276-12052,150000.0,
5276-12061,150000.0,
5276-12062,150000.0,
5276-12071,150000.0,
5276-12072,150000.0,
5277-10021,100000.0,
5277-10022,100000.0,
5277-10031,100000.0,
5277-10032,100000.0,
5277-10041,100000.0,
5277-10042,100000.0,
5277-10051,100000.0,
5277-10052,1000.0,
5277-10061,100000.0,
5277-10062,100000.0,
5277-10071,100000.0,
5277-10072,100000.0,
5278-10021,100000.0,
5278-10022,100000.0,
5278-10031,1000.0,
5278-10032,100000.0,
5278-10041,1000.0,
5278-10042,100000.0,
5278-10051,1000.0,100000.0
5278-10052,1000.0,
5278-10061,100000.0,
5278-10062,100000.0,
5278-10071,100000.0,
5278-10072,100000.0,
5278-05021,100000.0,
5278-05022,100000.0,
5278-05031,100000.0,
5278-05032,100000.0,
5278-05041,100000.0,
5278-05042,100000.0,
5278-05051,100000.0,
5278-05052,100000.0,
5278-05061,100000.0,
5278-05062,100000.0,
5278-05071,100000.0,
5278-05072,100000.0,
5217-10021,93000.0,34000.0
5217-12021,93000.0,34000.0
5217-14021,93000.0,34000.0
5217-16021,93000.0,34000.0
5217-18021,100000.0,
5217-10031,93000.0,34000.0
5217-12031,93000.0,34000.0
5217-14031,100000.0,
5217-16031,100000.0,
5217-18031,100000.0,
5217-10041,100000.0,
5217-12041,93000.0,34000.0
5217-14041,100000.0,
5217-16041,100000.0,
5217-18041,100000.0,
5271-11031,120000.0,47000.0
5271-13031,,34000.0
5271-15031,1000.0,
5271-17031,210000.0,
5271-19031,1000.0,34000.0
5271-09031,1000.0,
5271-11051,1000.0,34000.0
5271-13051,1000.0,
5271-15051,210000.0,
5271-17051,120000.0,47000.0
5271-19051,210000.0,
5271-09051,120000.0,47000.0
5271-11071,210000.0,
5271-13071,210000.0,
5271-15071,210000.0,
5271-17071,210000.0,
5271-19071,120000.0,47000.0
5271-09071,120000.0,47000.0
4201.1026,1000.0,
4201.1028,380000.0,
4201.1030,1000.0,
4201.1032,1000.0,
4201.1034,1000.0,
4201.1036,1000.0,
4201.0826,380000.0,
4201.0828,380000.0,
4201.0830,380000.0,
4201.0832,380000.0,
4201.0834,1000.0,
4201.0836,1000.0,
4201.0926,380000.0,
4201.0928,1000.0,
4201.0930,1000.0,
4201.0932,380000.0,
4201.0934,380000.0,
4201.0936,1000.0,
4211.0711,230000.0,
4212.0711,230000.0,
4211.0703,1000.0,
4212.0703,230000.0,
4211.0705,1000.0,
4212.0705,230000.0,
4211.0707,230000.0,
4212.0707,230000.0,
4211.0709,1000.0,
4212.0709,230000.0,
4211.0811,230000.0,
4212.0811,230000.0,
4211.0813,230000.0,
4212.0813,230000.0,
4211.0803,230000.0,
4212.0803,230000.0,
4211.0805,230000.0,
4212.0805,230000.0,
4211.0807,230000.0,
4212.0807,230000.0,
4211.0809,230000.0,
4212.0809,230000.0,
5129-26020,45000.0,
5216-01020,150000.0,43000.0
5216-01030,150000.0,43000.0
5216-01040,150000.0,43000.0
5216-01050,140000.0,64000.0
5216-01060,140000.0,
5216-01070,150000.0,43000.0
5216-01080,150000.0,43000.0
5171-01020,1000.0,64000.0
5171-01030,1000.0,64000.0
5171-01040,1000.0,64000.0
5171-01050,1000.0,64000.0
5171-01060,160000.0,64000.0
5171-01070,160000.0,64000.0
083487580,50000.0,
083260000,1000.0,
121105161010,300000.0,
121105161515,350000.0,
121103161010,110000.0,
121103161515,160000.0,
121103161818,210000.0,
30205.4H.S,170000.0,
30205.5H.S,170000.0,
30205.6H.S,170000.0,
WDTO01023,25000.0,
BOI.9930.1018,353000.0,
BOI.9930.1021,1000.0,
BOI.9930.1024,1000.0,
BOI.9930.1118,353000.0,
BOI.9930.1121,1000.0,
BOI.9930.1124,1000.0,
BOI.9930.0918,353000.0,
BOI.9930.0921,353000.0,
BOI.9930.0924,353000.0,
BO.9946.L.02.T,1000.0,
BO.9946.R.02.T,1000.0,
BO.9946.L.03.T,1000.0,
BO.9946.R.03.T,1000.0,
BO.9946.L.04.T,1000.0,
BO.9946.R.04.T,1000.0,
BO.9946.L.06.T,1000.0,
BO.9946.R.06.T,220000.0,
BO.9946.L.08.T,1000.0,
BO.9946.R.08.T,1000.0,
BO.9946.2.L.S,1000.0,
BO.9946.2.R.S,1000.0,
BO.9946.3.L.S,1000.0,
BO.9946.3.R.S,1000.0,
BO.9946.4.L.S,1000.0,
BO.9946.4.R.S,1000.0,
BO.9946.6.L.S,1000.0,
BO.9946.6.R.S,1000.0,
BO.9946.8.L.S,1000.0,
BO.9946.8.R.S,1000.0,
33842,154000.0,
33848,154000.0,
33850,154000.0,
33852,154000.0,
33854,154000.0,
33856,154000.0,
33858,154000.0,
33860,154000.0,
33862,154000.0,
33864,154000.0,
33844,154000.0,
33846,154000.0,
4211.4503,220000.0,
4212.4503,220000.0,
4211.4505,220000.0,
4212.4505,220000.0,
4211.4507,220000.0,
4212.4507,220000.0,
5031-00702,,55000.0
5031-00701,,55000.0
4213.0110,1000.0,
4213.0105,220000.0,
4213.0106,1000.0,
4213.0107,1000.0,
4213.0109,1000.0,
KRVT1112200CBP-A,30000.0,
PHI222DE-VSP,90000.0,
PHI253DE-VSP,70000.0,
PHI2548DE-VSP,90000.0,
PHI254DE-VSPC,80000.0,
3205-10044,1000.0,66000.0
3205-11044,1000.0,66000.0
3205-12044,1000.0,66000.0
3205-13044,1000.0,66000.0
3205-14044,200000.0,66000.0
3205-15044,1000.0,66000.0
3205-16044,1000.0,66000.0
3250-10044,1000.0,66000.0
3250-11044,1000.0,66000.0
3250-12044,215000.0,66000.0
3250-13044,1000.0,66000.0
3250-14044,1000.0,66000.0
3250-15044,1000.0,66000.0
3250-16044,1000.0,66000.0
"30243,1",3000.0,
50209.2.440.T,35000.0,
50209.3.440.T,35000.0,
"50209.3,5.440.T",35000.0,
50209.4.440.T,35000.0,
20402.2.0*12,5000.0,
20402.2.0*14,5000.0,
20402.2.0*16,5000.0,
20402.2.0*18,5000.0,
20402.2.0*20,5000.0,
30243.4040,5000.0,
30236.3.5*12,7000.0,
30236.3.5*14,7000.0,
30236.3.5*16,7000.0,
30236.3.5*18,7000.0,
30236.3.5*20,7000.0,
30236.3.5*22,7000.0,
30236.3.5*24,7000.0,
30236.3.5*26,7000.0,
30236.3.5*28,7000.0,
30236.3.5*30,7000.0,
30236.3.5*32,7000.0,
30236.3.5*40,7000.0,
30236.3.5*50,7000.0,
1101.4522,1000.0,
1101.4524,1000.0,
1101.4526,1000.0,
1101.4528,1000.0,
1101.4530,1000.0,
1101.4532,1000.0,
1101.4534,1000.0,
1101.4536,1000.0,
1101.4538,1000.0,
1101.4540,1000.0,
1101.4542,1000.0,
1101.4544,1000.0,
1101.4546,1000.0,
1101.4548,1000.0,
1101.4550,600.0,
1101.4552,1000.0,
1101.4554,1000.0,
1101.4556,1000.0,
1101.4558,1000.0,
1101.4560,1000.0,
30248.10250,600.0,
1103.4014,1000.0,
1103.4016,1000.0,
1103.4018,1000.0,
1103.4020,1000.0,
1103.4022,1000.0,
1103.4024,1000.0,
1103.4026,1000.0,
1103.4028,1000.0,
1103.4030,1000.0,
1103.4032,1000.0,
1103.4034,1000.0,
1103.4036,1000.0,
1103.4038,1000.0,
1103.4040,1000.0,
1103.4042,1000.0,
1103.4044,1000.0,
1103.4046,1000.0,
1103.4048,1000.0,
1103.4050,1000.0,
1102.4028,1000.0,
1102.4030,1000.0,
1102.4032,1000.0,
1102.4034,1000.0,
1102.4036,1000.0,
1102.4038,1000.0,
1102.4040,1000.0,
1102.4042,1000.0,
1102.4044,500.0,
1102.4046,1000.0,
1102.4048,1000.0,
1102.4050,1000.0,
1102.4055,1000.0,
30230A.5,1000.0,
30230A.6,1000.0,
30230A.7,1000.0,
30230A.8,1000.0,
30231A.4,5000.0,
30231A.5,5000.0,
30243.7.3.100,15000.0,
30243.7.3.105,15000.0,
30243.7.3.85,15000.0,
30243.7.3.90,15000.0,
30243.7.3.95,15000.0,
30243.4.5.46,45000.0,
30243.4.5.50,45000.0,
30243.4.5.56,45000.0,
3102.7300,1000.0,
3102.7305,1000.0,
3102.7310,1000.0,
3102.7360,15000.0,
3102.7365,15000.0,
3102.7370,15000.0,
3102.7375,15000.0,
3102.7380,1000.0,
3102.7385,1000.0,
3102.7390,1000.0,
3102.7395,1000.0,
3202.4030,1000.0,
3202.4032,1000.0,
3202.4034,1000.0,
3202.4036,1000.0,
3202.4038,1000.0,
3202.4040,1000.0,
3202.4044,1000.0,
3202.4050,1000.0,
3202.4054,1000.0,
3202.4060,1000.0,
3202.4544,8000.0,
3202.4550,1000.0,
3202.4554,1000.0,
3202.4560,1000.0,
300240.4.0.28.S.S,3000.0,
300240.4.0.30.S.S,3000.0,
30237-65.S.40,3000.0,
30237-65.S.45,3000.0,
30237-65.S.50,3000.0,
30237-65.S.55,3000.0,
30237-65.S.60,3000.0,
30237-65.S.65,3000.0,
30237-65.S.70,3000.0,
30237-65.S.75,3000.0,
30237-65.S.80,3000.0,
30237-65.S.85,3000.0,
30237-65.S.90,3000.0,
30238-65.S.45,3.0,
30238-65.S.55,3000.0,
30238-65.S.65,3000.0,
30238-65.S.70,3000.0,
30238-65.S.75,3000.0,
30238-65.S.80,3000.0,
30238-65.S.85,3000.0,
30238-65.S.90,3000.0,
1202.4020,5000.0,
1202.4025,5000.0,
1202.4030,5000.0,
1202.4035,5000.0,
1202.4040,5000.0,
1202.4045,5000.0,
1202.4050,5000.0,
30238-40.12,5000.0,
30238-40.14,5000.0,
30238-40.16,5000.0,
30238-40.18,5000.0,
30238-40.20,5000.0,
30238-40.22,5000.0,
30238-40.24,5000.0,
30238-40.26,5000.0,
30238-40.28,5000.0,
30238-40.30,5000.0,
30238-40.32,5000.0,
30238-40.34,5000.0,
30238-40.36,5000.0,
30238-40.38,5000.0,
30238-40.40,5000.0,
1201.3512,1000.0,
1201.3514,1000.0,
1201.3516,1000.0,
1201.3518,1000.0,
1201.3520,1000.0,
1201.3522,1000.0,
1201.3524,1000.0,
1201.3526,1000.0,
1201.3528,1000.0,
1201.3530,1000.0,
1201.3532,1000.0,
1201.3534,1000.0,
1201.3536,1000.0,
1201.3538,1000.0,
1201.3540,1000.0,
1201.3542,1000.0,
1201.3544,1000.0,
1201.3546,1000.0,
1201.3548,1000.0,
1201.3550,1000.0,
1201.3554,1000.0,
1201.3555,7000.0,
1101.3512,1000.0,
1101.3514,1000.0,
1101.3516,1000.0,
1101.3518,1000.0,
1101.3520,1000.0,
1101.3522,1000.0,
1101.3524,1000.0,
1101.3526,1000.0,
1101.3528,1000.0,
1101.3530,1000.0,
1101.3532,1000.0,
1101.3534,1000.0,
1101.3536,1000.0,
1101.3538,1000.0,
1101.3540,1000.0,
1101.3542,1000.0,
1101.3544,1000.0,
1101.3546,1000.0,
1101.3548,1000.0,
1101.3550,1000.0,
1101.3552,1000.0,
1101.3556,1000.0,
1101.3560,1000.0,
1201.4524,1000.0,
1201.4526,1000.0,
1201.4528,1000.0,
1201.4530,1000.0,
1201.4532,1000.0,
1201.4534,1000.0,
1201.4536,1000.0,
1201.4538,1000.0,
1201.4540,1000.0,
1201.4542,1000.0,
1201.4544,1000.0,
1201.4546,1000.0,
1201.4548,1000.0,
1201.4550,1000.0,
3201.3014,12000.0,
3201.3016,12000.0,
3201.3018,12000.0,
3201.3020,1000.0,
3201.3022,1000.0,
3201.3024,1000.0,
3201.3026,1000.0,
3201.3028,1000.0,
3201.3030,1000.0,
3201.3032,1000.0,
3201.3034,1000.0,
3201.3036,1000.0,
3201.3038,1000.0,
3201.3040,1000.0,
9000.0624,1000.0,
30248.08.250,550.0,
30248.1.0.230,550.0,
30248.1.0.300,550.0,
30248.08.1.2.250,550.0,
30248.1.2.300,550.0,
30248.1.5.300,550.0,
30248.2.0.250,1000.0,
30248.2.0.300,550.0,
30248.2.5.250,1000.0,
30248.2.5.300,550.0,
30248.3.0.250,550.0,
30248.3.0.300,550.0,
30248.4.0.200,550.0,
30248.4.0.250,550.0,
2201.3512,1000.0,
2201.3514,1000.0,
2201.3516,1000.0,
2201.3518,1000.0,
2201.3520,1000.0,
2201.3522,1000.0,
2201.3524,1000.0,
2201.3526,1000.0,
2201.3528,1000.0,
2201.3530,7000.0,
2201.3532,7000.0,
2201.3534,1000.0,
2201.3536,1000.0,
2201.3538,1000.0,
2201.3540,1000.0,
2201.3542,1000.0,
2201.3544,1000.0,
2201.3546,7000.0,
2201.3548,7000.0,
2201.3550,1000.0,
2201.3552,1000.0,
2201.3556,1000.0,2000.0
2201.3558,1000.0,
2201.3560,1000.0,
2201.3570,1000.0,
2201.5024,1000.0,
2201.5026,1000.0,
2201.5028,1000.0,
2201.5030,1000.0,
2201.5032,1000.0,
2201.5034,1000.0,
2201.5036,1000.0,
2201.5038,1000.0,
2201.5040,1000.0,
2201.5042,1000.0,
2201.5044,1000.0,
2201.5046,1000.0,
2201.5048,1000.0,
2201.5050,1000.0,
2201.5055,1000.0,
2201.5060,1000.0,
2201.5065,1000.0,
2201.5070,1000.0,
2201.5075,1000.0,
2201.5080,1000.0,
2201.5085,1000.0,
2201.5090,1000.0,
9000.0411,1000.0,
9000.0410,1000.0,
9000.0412,1000.0,
9000.0413,1000.0,
M30230A.6H.S,150000.0,
M30231A.4H.S,150000.0,
M30231A.5H.S,150000.0,
50202.10.320.S,353000.0,
50202.10.340.S,353000.0,
50202.10.360.S,353000.0,
4102.1038,1000.0,
50202.10.400.S,353000.0,
50202.10.420.S,353000.0,
4202.1132,1000.0,
50202.11.340.S,353000.0,
50202.11.360.S,353000.0,
50202.11.380.S,353000.0,
50202.11.400.S,353000.0,
4102.1142,1000.0,
50202.9.320.S,353000.0,
50202.9.340.S,353000.0,
50202.9.360.S,353000.0,
4102.0938,1000.0,
50202.9.400.S,353000.0,
50202.9.420.S,353000.0,
4114.4535,1000.0,
4114.4540,1000.0,
4114.4545,1000.0,
4114.4550,1000.0,
4114.4555,1000.0,
4114.4560,1000.0,
4114.4565,1000.0,
4114.4570,1000.0,
4114.4575,1000.0,
4114.4580,1000.0,
4114.4585,1000.0,
4114.4590,1000.0,
50204.10.200.S,353000.0,
50204.10.220.S,353000.0,
50204.10.240.S,353000.0,
50204.11.200.S,353000.0,
50204.11.240.S,353000.0,
50204.11.260.S,353000.0,
50204.9.220.S,353000.0,
GCPFB-35W,2500.0,
GCPFB-35W.1,1000.0,
CBL-18/180,300000.0,300000.0
ACS-1300,1338.0,
ACS-710,384.0,
ACS-770S-10,511.0,
ACS-711,346.0,
KIP-ACS-600,261.0,300000.0
KIP-ACS-605,419.0,
ACS-050S-5,952.0,
ACS-745,246.0,
CBL-10/180,2098.0,
CBL-12/180,1422.0,300000.0
D08-10AM,300000.0,300000.0
D08-12AМ,300000.0,300000.0
D08-15AM,300000.0,300000.0
D08-18AM,300000.0,300000.0
D08-15BM,300000.0,300000.0
D08-08AM,300000.0,300000.0
ACS-740,82.0,300000.0
KIP-ACS-515,300000.0,
