"name","owner","creation","modified","modified_by","docstatus","idx","naming_series","customer_type","customer_name","client_code","client_kind","debt_threshold_amd","is_provisional","customer_group","is_internal_customer","default_commission_rate","so_required","dn_required","disabled","is_frozen","language","doctype","accounts","credit_limits","companies","sales_team","portal_users","supplier_numbers"
"H001 — Աբովյան ԲԿ - Inmed","Administrator","2026-05-10 17:05:03.917789","2026-05-10 17:05:03.917789","Administrator","0","0","CUST-.YYYY.-","Company","H001 — Աբովյան ԲԿ - Inmed","H001","Hospital","5000000.0","0","Commercial","0","0.0","0","0","0","0","en","Customer","","","","","",""
"H002 — Ապարան ԲԿ - Inmed","Administrator","2026-05-10 17:05:03.983180","2026-05-10 17:05:03.983180","Administrator","0","0","CUST-.YYYY.-","Company","H002 — Ապարան ԲԿ - Inmed","H002","Hospital","5000000.0","0","Commercial","0","0.0","0","0","0","0","en","Customer","","","","","",""
"H003 — Աջափնյակ ԲԿ - Inmed","Administrator","2026-05-10 17:05:04.016323","2026-05-10 17:05:04.016323","Administrator","0","0","CUST-.YYYY.-","Company","H003 — Աջափնյակ ԲԿ - Inmed","H003","Hospital","5000000.0","0","Commercial","0","0.0","0","0","0","0","en","Customer","","","","","",""
"H004 — Առաջին Հիվանդանոց - Inmed","Administrator","2026-05-10 17:05:04.059620","2026-05-10 17:05:04.059620","Administrator","0","0","CUST-.YYYY.-","Company","H004 — Առաջին Հիվանդանոց - Inmed","H004","Hospital","5000000.0","0","Commercial","0","0.0","0","0","0","0","en","Customer","","","","","",""
"H006 — Աստղիկ ԲԿ - Inmed","Administrator","2026-05-10 17:05:04.103954","2026-05-10 17:05:04.103954","Administrator","0","0","CUST-.YYYY.-","Company","H006 — Աստղիկ ԲԿ - Inmed","H006","Hospital","5000000.0","0","Commercial","0","0.0","0","0","0","0","en","Customer","","","","","",""
"H007 — Ավագյան ԲԿ - Inmed","Administrator","2026-05-10 17:05:04.142877","2026-05-10 17:05:04.142877","Administrator","0","0","CUST-.YYYY.-","Company","H007 — Ավագյան ԲԿ - Inmed","H007","Hospital","5000000.0","0","Commercial","0","0.0","0","0","0","0","en","Customer","","","","","",""
"H008 — Արաբկիր ԲԿ - Inmed","Administrator","2026-05-10 17:05:04.170983","2026-05-10 17:05:04.170983","Administrator","0","0","CUST-.YYYY.-","Company","H008 — Արաբկիր ԲԿ - Inmed","H008","Hospital","5000000.0","0","Commercial","0","0.0","0","0","0","0","en","Customer","","","","","",""
"H009 — Արամյանց ԲԿ - Inmed","Administrator","2026-05-10 17:05:04.199630","2026-05-10 17:05:04.199630","Administrator","0","0","CUST-.YYYY.-","Company","H009 — Արամյանց ԲԿ - Inmed","H009","Hospital","5000000.0","0","Commercial","0","0.0","0","0","0","0","en","Customer","","","","","",""
"H010 — Արթիկ ԲԿ - Inmed","Administrator","2026-05-10 17:05:04.238621","2026-05-10 17:05:04.238621","Administrator","0","0","CUST-.YYYY.-","Company","H010 — Արթիկ ԲԿ - Inmed","H010","Hospital","5000000.0","0","Commercial","0","0.0","0","0","0","0","en","Customer","","","","","",""
"H011 — Արթմեդ ԲԿ - Inmed","Administrator","2026-05-10 17:05:04.279539","2026-05-10 17:05:04.279539","Administrator","0","0","CUST-.YYYY.-","Company","H011 — Արթմեդ ԲԿ - Inmed","H011","Hospital","5000000.0","0","Commercial","0","0.0","0","0","0","0","en","Customer","","","","","",""
"H012 — Արմենիա ԲԿ - Inmed","Administrator","2026-05-10 17:05:04.310018","2026-05-10 17:05:04.310018","Administrator","0","0","CUST-.YYYY.-","Company","H012 — Արմենիա ԲԿ - Inmed","H012","Hospital","5000000.0","0","Commercial","0","0.0","0","0","0","0","en","Customer","","","","","",""
"H013 — Արտաշատ ԲԿ - Inmed","Administrator","2026-05-10 17:05:04.338597","2026-05-10 17:05:04.338597","Administrator","0","0","CUST-.YYYY.-","Company","H013 — Արտաշատ ԲԿ - Inmed","H013","Hospital","5000000.0","0","Commercial","0","0.0","0","0","0","0","en","Customer","","","","","",""
"H014 — Բեստ Լայֆ ԲԿ - Inmed","Administrator","2026-05-10 17:05:04.359932","2026-05-10 17:05:04.359932","Administrator","0","0","CUST-.YYYY.-","Company","H014 — Բեստ Լայֆ ԲԿ - Inmed","H014","Hospital","5000000.0","0","Commercial","0","0.0","0","0","0","0","en","Customer","","","","","",""
"H015 — Բերդ ԲԿ - Inmed","Administrator","2026-05-10 17:05:04.394761","2026-05-10 17:05:04.394761","Administrator","0","0","CUST-.YYYY.-","Company","H015 — Բերդ ԲԿ - Inmed","H015","Hospital","5000000.0","0","Commercial","0","0.0","0","0","0","0","en","Customer","","","","","",""
"H016 — Գավառ - Inmed","Administrator","2026-05-10 17:05:04.448629","2026-05-10 17:05:04.448629","Administrator","0","0","CUST-.YYYY.-","Company","H016 — Գավառ - Inmed","H016","Hospital","5000000.0","0","Commercial","0","0.0","0","0","0","0","en","Customer","","","","","",""
"H017 — Գյումրի ԲԿ - Inmed","Administrator","2026-05-10 17:05:04.498099","2026-05-10 17:05:04.498099","Administrator","0","0","CUST-.YYYY.-","Company","H017 — Գյումրի ԲԿ - Inmed","H017","Hospital","5000000.0","0","Commercial","0","0.0","0","0","0","0","en","Customer","","","","","",""
"H018 — Գրիգոր Լուսավորիչ ԲԿ - Inmed","Administrator","2026-05-10 17:05:04.540754","2026-05-10 17:05:04.540754","Administrator","0","0","CUST-.YYYY.-","Company","H018 — Գրիգոր Լուսավորիչ ԲԿ - Inmed","H018","Hospital","5000000.0","0","Commercial","0","0.0","0","0","0","0","en","Customer","","","","","",""
"H019 — Դիլիջան ԲԿ - Inmed","Administrator","2026-05-10 17:05:04.566905","2026-05-10 17:05:04.566905","Administrator","0","0","CUST-.YYYY.-","Company","H019 — Դիլիջան ԲԿ - Inmed","H019","Hospital","5000000.0","0","Commercial","0","0.0","0","0","0","0","en","Customer","","","","","",""
"H020 — Եղեգնաձոր ԲԿ - Inmed","Administrator","2026-05-10 17:05:04.596872","2026-05-10 17:05:04.596872","Administrator","0","0","CUST-.YYYY.-","Company","H020 — Եղեգնաձոր ԲԿ - Inmed","H020","Hospital","5000000.0","0","Commercial","0","0.0","0","0","0","0","en","Customer","","","","","",""
"H021 — Էջմիածին ԲԿ - Inmed","Administrator","2026-05-10 17:05:04.627774","2026-05-10 17:05:04.627774","Administrator","0","0","CUST-.YYYY.-","Company","H021 — Էջմիածին ԲԿ - Inmed","H021","Hospital","5000000.0","0","Commercial","0","0.0","0","0","0","0","en","Customer","","","","","",""
"H022 — Էրեբունի ԲԿ - Inmed","Administrator","2026-05-10 17:05:04.649446","2026-05-10 17:05:04.649446","Administrator","0","0","CUST-.YYYY.-","Company","H022 — Էրեբունի ԲԿ - Inmed","H022","Hospital","5000000.0","0","Commercial","0","0.0","0","0","0","0","en","Customer","","","","","",""
"H023 — ԹԻՎ 2 ԲԿ - Inmed","Administrator","2026-05-10 17:05:04.663106","2026-05-10 17:05:04.663106","Administrator","0","0","CUST-.YYYY.-","Company","H023 — ԹԻՎ 2 ԲԿ - Inmed","H023","Hospital","5000000.0","0","Commercial","0","0.0","0","0","0","0","en","Customer","","","","","",""
"H024 — Իզմիրլյան ԲԿ - Inmed","Administrator","2026-05-10 17:05:04.680926","2026-05-10 17:05:04.680926","Administrator","0","0","CUST-.YYYY.-","Company","H024 — Իզմիրլյան ԲԿ - Inmed","H024","Hospital","5000000.0","0","Commercial","0","0.0","0","0","0","0","en","Customer","","","","","",""
"H025 — Իջևան ԲԿ - Inmed","Administrator","2026-05-10 17:05:04.700937","2026-05-10 17:05:04.700937","Administrator","0","0","CUST-.YYYY.-","Company","H025 — Իջևան ԲԿ - Inmed","H025","Hospital","5000000.0","0","Commercial","0","0.0","0","0","0","0","en","Customer","","","","","",""
"H026 — Կապան ԲԿ - Inmed","Administrator","2026-05-10 17:05:04.725496","2026-05-10 17:05:04.725496","Administrator","0","0","CUST-.YYYY.-","Company","H026 — Կապան ԲԿ - Inmed","H027","Hospital","5000000.0","0","Commercial","0","0.0","0","0","0","0","en","Customer","","","","","",""
"H027 — Հոկտեմբերյան ԲԿ - Inmed","Administrator","2026-05-10 17:05:04.753332","2026-05-10 17:05:04.753332","Administrator","0","0","CUST-.YYYY.-","Company","H027 — Հոկտեմբերյան ԲԿ - Inmed","H028","Hospital","5000000.0","0","Commercial","0","0.0","0","0","0","0","en","Customer","","","","","",""
"H028 — Հոսպիտալ - Inmed","Administrator","2026-05-10 17:05:04.774047","2026-05-10 17:05:04.774047","Administrator","0","0","CUST-.YYYY.-","Company","H028 — Հոսպիտալ - Inmed","H030","Hospital","5000000.0","0","Commercial","0","0.0","0","0","0","0","en","Customer","","","","","",""
"H030 — Հրազդան ԲԿ - Inmed","Administrator","2026-05-10 17:05:04.798090","2026-05-10 17:05:04.798090","Administrator","0","0","CUST-.YYYY.-","Company","H030 — Հրազդան ԲԿ - Inmed","H031","Hospital","5000000.0","0","Commercial","0","0.0","0","0","0","0","en","Customer","","","","","",""
"H031 — Մարտունի ԲԿ - Inmed","Administrator","2026-05-10 17:05:04.827053","2026-05-10 17:05:04.827053","Administrator","0","0","CUST-.YYYY.-","Company","H031 — Մարտունի ԲԿ - Inmed","H032","Hospital","5000000.0","0","Commercial","0","0.0","0","0","0","0","en","Customer","","","","","",""
"H032 — Մեդլայն ԲԿ - Inmed","Administrator","2026-05-10 17:05:04.848203","2026-05-10 17:05:04.848203","Administrator","0","0","CUST-.YYYY.-","Company","H032 — Մեդլայն ԲԿ - Inmed","H033","Hospital","5000000.0","0","Commercial","0","0.0","0","0","0","0","en","Customer","","","","","",""
"H033 — Միքայելյան ԲԿ - Inmed","Administrator","2026-05-10 17:05:04.871776","2026-05-10 17:05:04.871776","Administrator","0","0","CUST-.YYYY.-","Company","H033 — Միքայելյան ԲԿ - Inmed","H034","Hospital","5000000.0","0","Commercial","0","0.0","0","0","0","0","en","Customer","","","","","",""
"H034 — Նաիրի ԲԿ - Inmed","Administrator","2026-05-10 17:05:04.907102","2026-05-10 17:05:04.907102","Administrator","0","0","CUST-.YYYY.-","Company","H034 — Նաիրի ԲԿ - Inmed","H035","Hospital","5000000.0","0","Commercial","0","0.0","0","0","0","0","en","Customer","","","","","",""
"H035 — Ուիգմոր Քլինիք - Inmed","Administrator","2026-05-10 17:05:04.937821","2026-05-10 17:05:04.937821","Administrator","0","0","CUST-.YYYY.-","Company","H035 — Ուիգմոր Քլինիք - Inmed","H036","Hospital","5000000.0","0","Commercial","0","0.0","0","0","0","0","en","Customer","","","","","",""
"H036 — Սլավմեդ ԲԿ - Inmed","Administrator","2026-05-10 17:05:04.960327","2026-05-10 17:05:04.960327","Administrator","0","0","CUST-.YYYY.-","Company","H036 — Սլավմեդ ԲԿ - Inmed","H037","Hospital","5000000.0","0","Commercial","0","0.0","0","0","0","0","en","Customer","","","","","",""
"H037 — Սպիտակ ԲԿ - Inmed","Administrator","2026-05-10 17:05:04.984674","2026-05-10 17:05:04.984674","Administrator","0","0","CUST-.YYYY.-","Company","H037 — Սպիտակ ԲԿ - Inmed","H039","Hospital","5000000.0","0","Commercial","0","0.0","0","0","0","0","en","Customer","","","","","",""
"H039 — Սրբ․ Աստվածամայր ԲԿ - Inmed","Administrator","2026-05-10 17:05:05.017192","2026-05-10 17:05:05.017192","Administrator","0","0","CUST-.YYYY.-","Company","H039 — Սրբ․ Աստվածամայր ԲԿ - Inmed","H040","Hospital","5000000.0","0","Commercial","0","0.0","0","0","0","0","en","Customer","","","","","",""
"H040 — Վանաձոր ԲԿ - Inmed","Administrator","2026-05-10 17:05:05.044178","2026-05-10 17:05:05.044178","Administrator","0","0","CUST-.YYYY.-","Company","H040 — Վանաձոր ԲԿ - Inmed","H041","Hospital","5000000.0","0","Commercial","0","0.0","0","0","0","0","en","Customer","","","","","",""
"H041 — Վարդանանց ԲԿ - Inmed","Administrator","2026-05-10 17:05:05.071869","2026-05-10 17:05:05.071869","Administrator","0","0","CUST-.YYYY.-","Company","H041 — Վարդանանց ԲԿ - Inmed","H042","Hospital","5000000.0","0","Commercial","0","0.0","0","0","0","0","en","Customer","","","","","",""
"H042 — Տոնոյան ԲԿ - Inmed","Administrator","2026-05-10 17:05:05.095197","2026-05-10 17:05:05.095197","Administrator","0","0","CUST-.YYYY.-","Company","H042 — Տոնոյան ԲԿ - Inmed","H043","Hospital","5000000.0","0","Commercial","0","0.0","0","0","0","0","en","Customer","","","","","",""
"H043 — Քանաքեռ-Զեյթուն ԲԿ - Inmed","Administrator","2026-05-10 17:05:05.116106","2026-05-10 17:05:05.116106","Administrator","0","0","CUST-.YYYY.-","Company","H043 — Քանաքեռ-Զեյթուն ԲԿ - Inmed","H044","Hospital","5000000.0","0","Commercial","0","0.0","0","0","0","0","en","Customer","","","","","",""
"H044 — Օրթոպետիկ ԲԿ - Inmed","Administrator","2026-05-10 17:05:05.149965","2026-05-10 17:05:05.149965","Administrator","0","0","CUST-.YYYY.-","Company","H044 — Օրթոպետիկ ԲԿ - Inmed","H049","Hospital","5000000.0","0","Commercial","0","0.0","0","0","0","0","en","Customer","","","","","",""
"H045 — Ֆանարջյան ՈւԱԿ - Inmed","Administrator","2026-05-10 17:05:05.207973","2026-05-10 17:05:05.207973","Administrator","0","0","CUST-.YYYY.-","Company","H045 — Ֆանարջյան ՈւԱԿ - Inmed","H050","Hospital","5000000.0","0","Commercial","0","0.0","0","0","0","0","en","Customer","","","","","",""
"D001 — Փայլակ Սուջյան — Ուիգմոր Քլինիք - Inmed","Administrator","2026-05-10 17:05:05.254839","2026-05-10 17:05:05.254839","Administrator","0","0","CUST-.YYYY.-","Individual","D001 — Փայլակ Սուջյան — Ուիգմոր Քլինիք - Inmed","D001","Doctor","5000000.0","0","Individual","0","0.0","0","0","0","0","en","Customer","","","","","",""
"D002 — Տրդատ Ղազարյան — Աջափնյակ ԲԿ - Inmed","Administrator","2026-05-10 17:05:05.289739","2026-05-10 17:05:05.289739","Administrator","0","0","CUST-.YYYY.-","Individual","D002 — Տրդատ Ղազարյան — Աջափնյակ ԲԿ - Inmed","D002","Doctor","5000000.0","0","Individual","0","0.0","0","0","0","0","en","Customer","","","","","",""
"D003 — Տիգրան — Բերդ ԲԿ - Inmed","Administrator","2026-05-10 17:05:05.325988","2026-05-10 17:05:05.325988","Administrator","0","0","CUST-.YYYY.-","Individual","D003 — Տիգրան — Բերդ ԲԿ - Inmed","D003","Doctor","5000000.0","0","Individual","0","0.0","0","0","0","0","en","Customer","","","","","",""
"D004 — Արսեն Ազիզբեկյան — Առաջին Հիվանդանոց - Inmed","Administrator","2026-05-10 17:05:05.348600","2026-05-10 17:05:05.348600","Administrator","0","0","CUST-.YYYY.-","Individual","D004 — Արսեն Ազիզբեկյան — Առաջին Հիվանդանոց - Inmed","D004","Doctor","5000000.0","0","Individual","0","0.0","0","0","0","0","en","Customer","","","","","",""
"D005 — Տիգրան Սարիմանիչ — Գրիգոր Լուսավորիչ ԲԿ - Inmed","Administrator","2026-05-10 17:05:05.385529","2026-05-10 17:05:05.385529","Administrator","0","0","CUST-.YYYY.-","Individual","D005 — Տիգրան Սարիմանիչ — Գրիգոր Լուսավորիչ ԲԿ - Inmed","D004","Doctor","5000000.0","0","Individual","0","0.0","0","0","0","0","en","Customer","","","","","",""
"D006 — Արտակ Բաբայան — Առաջին Հիվանդանոց - Inmed","Administrator","2026-05-10 17:05:05.411118","2026-05-10 17:05:05.411118","Administrator","0","0","CUST-.YYYY.-","Individual","D006 — Արտակ Բաբայան — Առաջին Հիվանդանոց - Inmed","D005","Doctor","5000000.0","0","Individual","0","0.0","0","0","0","0","en","Customer","","","","","",""
"D007 — Արտակ Գրիգորյան — Առաջին Հիվանդանոց - Inmed","Administrator","2026-05-10 17:05:05.437179","2026-05-10 17:05:05.437179","Administrator","0","0","CUST-.YYYY.-","Individual","D007 — Արտակ Գրիգորյան — Առաջին Հիվանդանոց - Inmed","D006","Doctor","5000000.0","0","Individual","0","0.0","0","0","0","0","en","Customer","","","","","",""
"D008 — Տիգրան — Իզմիրլյան ԲԿ - Inmed","Administrator","2026-05-10 17:05:05.475817","2026-05-10 17:05:05.475817","Administrator","0","0","CUST-.YYYY.-","Individual","D008 — Տիգրան — Իզմիրլյան ԲԿ - Inmed","D006","Doctor","5000000.0","0","Individual","0","0.0","0","0","0","0","en","Customer","","","","","",""
"D009 — Դավիթ Հարությունյան — Առաջին Հիվանդանոց - Inmed","Administrator","2026-05-10 17:05:05.503552","2026-05-10 17:05:05.503552","Administrator","0","0","CUST-.YYYY.-","Individual","D009 — Դավիթ Հարությունյան — Առաջին Հիվանդանոց - Inmed","D007","Doctor","5000000.0","0","Individual","0","0.0","0","0","0","0","en","Customer","","","","","",""
"D010 — Տիգրան — Առաջին Հիվանդանոց - Inmed","Administrator","2026-05-10 17:05:05.536892","2026-05-10 17:05:05.536892","Administrator","0","0","CUST-.YYYY.-","Individual","D010 — Տիգրան — Առաջին Հիվանդանոց - Inmed","D007","Doctor","5000000.0","0","Individual","0","0.0","0","0","0","0","en","Customer","","","","","",""
"D011 — Էդուարդ Սարգսյան — Առաջին Հիվանդանոց - Inmed","Administrator","2026-05-10 17:05:05.562037","2026-05-10 17:05:05.562037","Administrator","0","0","CUST-.YYYY.-","Individual","D011 — Էդուարդ Սարգսյան — Առաջին Հիվանդանոց - Inmed","D008","Doctor","5000000.0","0","Individual","0","0.0","0","0","0","0","en","Customer","","","","","",""
"D012 — Տիգրան — Ապարան ԲԿ - Inmed","Administrator","2026-05-10 17:05:05.585814","2026-05-10 17:05:05.585814","Administrator","0","0","CUST-.YYYY.-","Individual","D012 — Տիգրան — Ապարան ԲԿ - Inmed","D008","Doctor","5000000.0","0","Individual","0","0.0","0","0","0","0","en","Customer","","","","","",""
"D013 — Մամիկոն Հակոբյան — Առաջին Հիվանդանոց - Inmed","Administrator","2026-05-10 17:05:05.625187","2026-05-10 17:05:05.625187","Administrator","0","0","CUST-.YYYY.-","Individual","D013 — Մամիկոն Հակոբյան — Առաջին Հիվանդանոց - Inmed","D009","Doctor","5000000.0","0","Individual","0","0.0","0","0","0","0","en","Customer","","","","","",""
"D014 — Վրեժ Գավառ ԲԿ — Գավառ - Inmed","Administrator","2026-05-10 17:05:05.663190","2026-05-10 17:05:05.663190","Administrator","0","0","CUST-.YYYY.-","Individual","D014 — Վրեժ Գավառ ԲԿ — Գավառ - Inmed","D009","Doctor","5000000.0","0","Individual","0","0.0","0","0","0","0","en","Customer","","","","","",""
"D015 — Արմենակ Բդոյան — Առաջին Հիվանդանոց - Inmed","Administrator","2026-05-10 17:05:05.691122","2026-05-10 17:05:05.691122","Administrator","0","0","CUST-.YYYY.-","Individual","D015 — Արմենակ Բդոյան — Առաջին Հիվանդանոց - Inmed","D010","Doctor","5000000.0","0","Individual","0","0.0","0","0","0","0","en","Customer","","","","","",""
"D016 — Վիգեն Սարգսյան — Աստղիկ ԲԿ - Inmed","Administrator","2026-05-10 17:05:05.726495","2026-05-10 17:05:05.726495","Administrator","0","0","CUST-.YYYY.-","Individual","D016 — Վիգեն Սարգսյան — Աստղիկ ԲԿ - Inmed","D010","Doctor","5000000.0","0","Individual","0","0.0","0","0","0","0","en","Customer","","","","","",""
"D017 — Վալոդ — Օրթոպետիկ ԲԿ - Inmed","Administrator","2026-05-10 17:05:05.756219","2026-05-10 17:05:05.756219","Administrator","0","0","CUST-.YYYY.-","Individual","D017 — Վալոդ — Օրթոպետիկ ԲԿ - Inmed","D013","Doctor","5000000.0","0","Individual","0","0.0","0","0","0","0","en","Customer","","","","","",""
"D018 — Խորեն Պետրոսյան — Աստղիկ ԲԿ - Inmed","Administrator","2026-05-10 17:05:05.788609","2026-05-10 17:05:05.788609","Administrator","0","0","CUST-.YYYY.-","Individual","D018 — Խորեն Պետրոսյան — Աստղիկ ԲԿ - Inmed","D014","Doctor","5000000.0","0","Individual","0","0.0","0","0","0","0","en","Customer","","","","","",""
"D019 — Ստեփան Մաթևոսյան — Իզմիրլյան ԲԿ - Inmed","Administrator","2026-05-10 17:05:05.816910","2026-05-10 17:05:05.816910","Administrator","0","0","CUST-.YYYY.-","Individual","D019 — Ստեփան Մաթևոսյան — Իզմիրլյան ԲԿ - Inmed","D014","Doctor","5000000.0","0","Individual","0","0.0","0","0","0","0","en","Customer","","","","","",""
"D020 — Սևակ Բադալյան — Գրիգոր Լուսավորիչ ԲԿ - Inmed","Administrator","2026-05-10 17:05:05.842722","2026-05-10 17:05:05.842722","Administrator","0","0","CUST-.YYYY.-","Individual","D020 — Սևակ Բադալյան — Գրիգոր Լուսավորիչ ԲԿ - Inmed","D015","Doctor","5000000.0","0","Individual","0","0.0","0","0","0","0","en","Customer","","","","","",""
"D021 — Սարիկ Աթաջանյան — Կապան ԲԿ - Inmed","Administrator","2026-05-10 17:05:05.864015","2026-05-10 17:05:05.864015","Administrator","0","0","CUST-.YYYY.-","Individual","D021 — Սարիկ Աթաջանյան — Կապան ԲԿ - Inmed","D018","Doctor","5000000.0","0","Individual","0","0.0","0","0","0","0","en","Customer","","","","","",""
"D022 — Սարգիս Վլասյան — Էրեբունի ԲԿ - Inmed","Administrator","2026-05-10 17:05:05.896899","2026-05-10 17:05:05.896899","Administrator","0","0","CUST-.YYYY.-","Individual","D022 — Սարգիս Վլասյան — Էրեբունի ԲԿ - Inmed","D019","Doctor","5000000.0","0","Individual","0","0.0","0","0","0","0","en","Customer","","","","","",""
"D023 — Ջանիբեկ — Արթիկ ԲԿ - Inmed","Administrator","2026-05-10 17:05:05.938780","2026-05-10 17:05:05.938780","Administrator","0","0","CUST-.YYYY.-","Individual","D023 — Ջանիբեկ — Արթիկ ԲԿ - Inmed","D021","Doctor","5000000.0","0","Individual","0","0.0","0","0","0","0","en","Customer","","","","","",""
"D024 — Սարգիս Սահակյան — Արտաշատ ԲԿ - Inmed","Administrator","2026-05-10 17:05:05.962838","2026-05-10 17:05:05.962838","Administrator","0","0","CUST-.YYYY.-","Individual","D024 — Սարգիս Սահակյան — Արտաշատ ԲԿ - Inmed","D021","Doctor","5000000.0","0","Individual","0","0.0","0","0","0","0","en","Customer","","","","","",""
"D025 — Սարգիս — Նաիրի ԲԿ - Inmed","Administrator","2026-05-10 17:05:05.984955","2026-05-10 17:05:05.984955","Administrator","0","0","CUST-.YYYY.-","Individual","D025 — Սարգիս — Նաիրի ԲԿ - Inmed","D022","Doctor","5000000.0","0","Individual","0","0.0","0","0","0","0","en","Customer","","","","","",""
"D026 — Սարգիս Նազարիչ — Նաիրի ԲԿ - Inmed","Administrator","2026-05-10 17:05:06.012408","2026-05-10 17:05:06.012408","Administrator","0","0","CUST-.YYYY.-","Individual","D026 — Սարգիս Նազարիչ — Նաիրի ԲԿ - Inmed","D023","Doctor","5000000.0","0","Individual","0","0.0","0","0","0","0","en","Customer","","","","","",""
"D027 — Սամվել — Սրբ․ Աստվածամայր ԲԿ - Inmed","Administrator","2026-05-10 17:05:06.042914","2026-05-10 17:05:06.042914","Administrator","0","0","CUST-.YYYY.-","Individual","D027 — Սամվել — Սրբ․ Աստվածամայր ԲԿ - Inmed","D024","Doctor","5000000.0","0","Individual","0","0.0","0","0","0","0","en","Customer","","","","","",""
"D028 — Սահակ Սարիբեկյան — Իզմիրլյան ԲԿ - Inmed","Administrator","2026-05-10 17:05:06.067034","2026-05-10 17:05:06.067034","Administrator","0","0","CUST-.YYYY.-","Individual","D028 — Սահակ Սարիբեկյան — Իզմիրլյան ԲԿ - Inmed","D025","Doctor","5000000.0","0","Individual","0","0.0","0","0","0","0","en","Customer","","","","","",""
"D029 — Ռուսլան — Հրազդան ԲԿ - Inmed","Administrator","2026-05-10 17:05:06.089823","2026-05-10 17:05:06.089823","Administrator","0","0","CUST-.YYYY.-","Individual","D029 — Ռուսլան — Հրազդան ԲԿ - Inmed","D026","Doctor","5000000.0","0","Individual","0","0.0","0","0","0","0","en","Customer","","","","","",""
"D030 — Ռուդիկ Վարոսյան — Գրիգոր Լուսավորիչ ԲԿ - Inmed","Administrator","2026-05-10 17:05:06.117978","2026-05-10 17:05:06.117978","Administrator","0","0","CUST-.YYYY.-","Individual","D030 — Ռուդիկ Վարոսյան — Գրիգոր Լուսավորիչ ԲԿ - Inmed","D027","Doctor","5000000.0","0","Individual","0","0.0","0","0","0","0","en","Customer","","","","","",""
"D031 — Ռուբեն Գալստյան — Աստղիկ ԲԿ - Inmed","Administrator","2026-05-10 17:05:06.147038","2026-05-10 17:05:06.147038","Administrator","0","0","CUST-.YYYY.-","Individual","D031 — Ռուբեն Գալստյան — Աստղիկ ԲԿ - Inmed","D028","Doctor","5000000.0","0","Individual","0","0.0","0","0","0","0","en","Customer","","","","","",""
"D032 — Ռաֆայել Ավետիսյան — Արթմեդ ԲԿ - Inmed","Administrator","2026-05-10 17:05:06.183990","2026-05-10 17:05:06.183990","Administrator","0","0","CUST-.YYYY.-","Individual","D032 — Ռաֆայել Ավետիսյան — Արթմեդ ԲԿ - Inmed","D029","Doctor","5000000.0","0","Individual","0","0.0","0","0","0","0","en","Customer","","","","","",""
"D033 — Ռաֆաել Պետրոսյան — Էրեբունի ԲԿ - Inmed","Administrator","2026-05-10 17:05:06.214007","2026-05-10 17:05:06.214007","Administrator","0","0","CUST-.YYYY.-","Individual","D033 — Ռաֆաել Պետրոսյան — Էրեբունի ԲԿ - Inmed","D030","Doctor","5000000.0","0","Individual","0","0.0","0","0","0","0","en","Customer","","","","","",""
"D034 — Ռազմիկ Պետրոսյան — Սլավմեդ ԲԿ - Inmed","Administrator","2026-05-10 17:05:06.250837","2026-05-10 17:05:06.250837","Administrator","0","0","CUST-.YYYY.-","Individual","D034 — Ռազմիկ Պետրոսյան — Սլավմեդ ԲԿ - Inmed","D031","Doctor","5000000.0","0","Individual","0","0.0","0","0","0","0","en","Customer","","","","","",""
"D035 — Թելման ԱԲ — Արմենիա ԲԿ - Inmed","Administrator","2026-05-10 17:05:06.291040","2026-05-10 17:05:06.291040","Administrator","0","0","CUST-.YYYY.-","Individual","D035 — Թելման ԱԲ — Արմենիա ԲԿ - Inmed","D032","Doctor","5000000.0","0","Individual","0","0.0","0","0","0","0","en","Customer","","","","","",""
"D036 — Ռադիկ Այվազյան — Էրեբունի ԲԿ - Inmed","Administrator","2026-05-10 17:05:06.326477","2026-05-10 17:05:06.326477","Administrator","0","0","CUST-.YYYY.-","Individual","D036 — Ռադիկ Այվազյան — Էրեբունի ԲԿ - Inmed","D032","Doctor","5000000.0","0","Individual","0","0.0","0","0","0","0","en","Customer","","","","","",""
"D037 — Ջոն Կարապետյան — Գյումրի ԲԿ - Inmed","Administrator","2026-05-10 17:05:06.356765","2026-05-10 17:05:06.356765","Administrator","0","26","CUST-.YYYY.-","Individual","D037 — Ջոն Կարապետյան — Գյումրի ԲԿ - Inmed","D033","Doctor","5000000.0","0","Individual","0","0.0","0","0","0","0","en","Customer","","","","","",""
"D038 — Ջանիբեկ — Ավագյան ԲԿ - Inmed","Administrator","2026-05-10 17:05:06.404329","2026-05-10 17:05:06.404329","Administrator","0","0","CUST-.YYYY.-","Individual","D038 — Ջանիբեկ — Ավագյան ԲԿ - Inmed","D034","Doctor","5000000.0","0","Individual","0","0.0","0","0","0","0","en","Customer","","","","","",""
"D039 — Գուրգեն Պետրոսյան — Բեստ Լայֆ ԲԿ - Inmed","Administrator","2026-05-10 17:05:06.437016","2026-05-10 17:05:06.437016","Administrator","0","0","CUST-.YYYY.-","Individual","D039 — Գուրգեն Պետրոսյան — Բեստ Լայֆ ԲԿ - Inmed","D035","Doctor","5000000.0","0","Individual","0","0.0","0","0","0","0","en","Customer","","","","","",""
"D040 — Պետրոս Սաֆարյան — Օրթոպետիկ ԲԿ - Inmed","Administrator","2026-05-10 17:05:06.494111","2026-05-10 17:05:06.494111","Administrator","0","0","CUST-.YYYY.-","Individual","D040 — Պետրոս Սաֆարյան — Օրթոպետիկ ԲԿ - Inmed","D035","Doctor","5000000.0","0","Individual","0","0.0","0","0","0","0","en","Customer","","","","","",""
"D041 — Պարգև Ժամհարյան — Էրեբունի ԲԿ - Inmed","Administrator","2026-05-10 17:05:06.549168","2026-05-10 17:05:06.549168","Administrator","0","0","CUST-.YYYY.-","Individual","D041 — Պարգև Ժամհարյան — Էրեբունի ԲԿ - Inmed","D036","Doctor","5000000.0","0","Individual","0","0.0","0","0","0","0","en","Customer","","","","","",""
"D042 — Նորայր — Նաիրի ԲԿ - Inmed","Administrator","2026-05-10 17:05:06.580519","2026-05-10 17:05:06.580519","Administrator","0","0","CUST-.YYYY.-","Individual","D042 — Նորայր — Նաիրի ԲԿ - Inmed","D037","Doctor","5000000.0","0","Individual","0","0.0","0","0","0","0","en","Customer","","","","","",""
"D043 — Նորայր Զաքարյան — Էրեբունի ԲԿ - Inmed","Administrator","2026-05-10 17:05:06.623617","2026-05-10 17:05:06.623617","Administrator","0","0","CUST-.YYYY.-","Individual","D043 — Նորայր Զաքարյան — Էրեբունի ԲԿ - Inmed","D038","Doctor","5000000.0","0","Individual","0","0.0","0","0","0","0","en","Customer","","","","","",""
"D044 — Նիկո Արզումանյան — Արաբկիր ԲԿ - Inmed","Administrator","2026-05-10 17:05:06.648797","2026-05-10 17:05:06.648797","Administrator","0","0","CUST-.YYYY.-","Individual","D044 — Նիկո Արզումանյան — Արաբկիր ԲԿ - Inmed","D039","Doctor","5000000.0","0","Individual","0","0.0","0","0","0","0","en","Customer","","","","","",""
"D045 — Կարեն — Գյումրի ԲԿ - Inmed","Administrator","2026-05-10 17:05:06.669884","2026-05-10 17:05:06.669884","Administrator","0","0","CUST-.YYYY.-","Individual","D045 — Կարեն — Գյումրի ԲԿ - Inmed","D040","Doctor","5000000.0","0","Individual","0","0.0","0","0","0","0","en","Customer","","","","","",""
"D046 — Նարեկ Մինասյան — Արմենիա ԲԿ - Inmed","Administrator","2026-05-10 17:05:06.696927","2026-05-10 17:05:06.696927","Administrator","0","0","CUST-.YYYY.-","Individual","D046 — Նարեկ Մինասյան — Արմենիա ԲԿ - Inmed","D040","Doctor","5000000.0","0","Individual","0","0.0","0","0","0","0","en","Customer","","","","","",""
"D047 — Նարեկ — Հոկտեմբերյան ԲԿ - Inmed","Administrator","2026-05-10 17:05:06.742113","2026-05-10 17:05:06.742113","Administrator","0","0","CUST-.YYYY.-","Individual","D047 — Նարեկ — Հոկտեմբերյան ԲԿ - Inmed","D041","Doctor","5000000.0","0","Individual","0","0.0","0","0","0","0","en","Customer","","","","","",""
"D048 — Նաիրի Ղամբարյան — Քանաքեռ-Զեյթուն ԲԿ - Inmed","Administrator","2026-05-10 17:05:06.779502","2026-05-10 17:05:06.779502","Administrator","0","0","CUST-.YYYY.-","Individual","D048 — Նաիրի Ղամբարյան — Քանաքեռ-Զեյթուն ԲԿ - Inmed","D043","Doctor","5000000.0","0","Individual","0","0.0","0","0","0","0","en","Customer","","","","","",""
"D049 — Նաիրի — Էրեբունի ԲԿ - Inmed","Administrator","2026-05-10 17:05:06.829927","2026-05-10 17:05:06.829927","Administrator","0","0","CUST-.YYYY.-","Individual","D049 — Նաիրի — Էրեբունի ԲԿ - Inmed","D044","Doctor","5000000.0","0","Individual","0","0.0","0","0","0","0","en","Customer","","","","","",""
"D050 — Նաիրի Աբրահամյան — Իզմիրլյան ԲԿ - Inmed","Administrator","2026-05-10 17:05:06.871336","2026-05-10 17:05:06.871336","Administrator","0","0","CUST-.YYYY.-","Individual","D050 — Նաիրի Աբրահամյան — Իզմիրլյան ԲԿ - Inmed","D045","Doctor","5000000.0","0","Individual","0","0.0","0","0","0","0","en","Customer","","","","","",""
"D051 — Մինաս — Սրբ․ Աստվածամայր ԲԿ - Inmed","Administrator","2026-05-10 17:05:06.904341","2026-05-10 17:05:06.904341","Administrator","0","0","CUST-.YYYY.-","Individual","D051 — Մինաս — Սրբ․ Աստվածամայր ԲԿ - Inmed","D047","Doctor","5000000.0","0","Individual","0","0.0","0","0","0","0","en","Customer","","","","","",""
"D052 — Միթու — Կապան ԲԿ - Inmed","Administrator","2026-05-10 17:05:06.930536","2026-05-10 17:05:06.930536","Administrator","0","0","CUST-.YYYY.-","Individual","D052 — Միթու — Կապան ԲԿ - Inmed","D048","Doctor","5000000.0","0","Individual","0","0.0","0","0","0","0","en","Customer","","","","","",""
"D053 — Մենուա Առաջին հիվանդանոց — Առաջին Հիվանդանոց - Inmed","Administrator","2026-05-10 17:05:06.960440","2026-05-10 17:05:06.960440","Administrator","0","0","CUST-.YYYY.-","Individual","D053 — Մենուա Առաջին հիվանդանոց — Առաջին Հիվանդանոց - Inmed","D049","Doctor","5000000.0","0","Individual","0","0.0","0","0","0","0","en","Customer","","","","","",""
"D054 — Գագիկ Բդոյան — Էրեբունի ԲԿ - Inmed","Administrator","2026-05-10 17:05:06.993337","2026-05-10 17:05:06.993337","Administrator","0","0","CUST-.YYYY.-","Individual","D054 — Գագիկ Բդոյան — Էրեբունի ԲԿ - Inmed","D050","Doctor","5000000.0","0","Individual","0","0.0","0","0","0","0","en","Customer","","","","","",""
"D055 — Մաքսիմ — Կապան ԲԿ - Inmed","Administrator","2026-05-10 17:05:07.038777","2026-05-10 17:05:07.038777","Administrator","0","0","CUST-.YYYY.-","Individual","D055 — Մաքսիմ — Կապան ԲԿ - Inmed","D050","Doctor","5000000.0","0","Individual","0","0.0","0","0","0","0","en","Customer","","","","","",""
"D056 — Թարվերդյան Գրիգոր — Էրեբունի ԲԿ - Inmed","Administrator","2026-05-10 17:05:07.088618","2026-05-10 17:05:07.088618","Administrator","0","0","CUST-.YYYY.-","Individual","D056 — Թարվերդյան Գրիգոր — Էրեբունի ԲԿ - Inmed","D053","Doctor","5000000.0","0","Individual","0","0.0","0","0","0","0","en","Customer","","","","","",""
"D057 — Հրաչյա Հարությունյան — Նաիրի ԲԿ - Inmed","Administrator","2026-05-10 17:05:07.127282","2026-05-10 17:05:07.127282","Administrator","0","0","CUST-.YYYY.-","Individual","D057 — Հրաչյա Հարությունյան — Նաիրի ԲԿ - Inmed","D055","Doctor","5000000.0","0","Individual","0","0.0","0","0","0","0","en","Customer","","","","","",""
"D058 — Հրանտ — Սլավմեդ ԲԿ - Inmed","Administrator","2026-05-10 17:05:07.178435","2026-05-10 17:05:07.178435","Administrator","0","0","CUST-.YYYY.-","Individual","D058 — Հրանտ — Սլավմեդ ԲԿ - Inmed","D056","Doctor","5000000.0","0","Individual","0","0.0","0","0","0","0","en","Customer","","","","","",""
"D059 — Հրայր Հարությունյան — Արմենիա ԲԿ - Inmed","Administrator","2026-05-10 17:05:07.219926","2026-05-10 17:05:07.219926","Administrator","0","0","CUST-.YYYY.-","Individual","D059 — Հրայր Հարությունյան — Արմենիա ԲԿ - Inmed","D057","Doctor","5000000.0","0","Individual","0","0.0","0","0","0","0","en","Customer","","","","","",""
"D060 — Հովսեփ — Իզմիրլյան ԲԿ - Inmed","Administrator","2026-05-10 17:05:07.253923","2026-05-10 17:05:07.253923","Administrator","0","0","CUST-.YYYY.-","Individual","D060 — Հովսեփ — Իզմիրլյան ԲԿ - Inmed","D058","Doctor","5000000.0","0","Individual","0","0.0","0","0","0","0","en","Customer","","","","","",""
"D061 — Հովսեփ Ավետիկովիչ — Սրբ․ Աստվածամայր ԲԿ - Inmed","Administrator","2026-05-10 17:05:07.291629","2026-05-10 17:05:07.291629","Administrator","0","0","CUST-.YYYY.-","Individual","D061 — Հովսեփ Ավետիկովիչ — Սրբ․ Աստվածամայր ԲԿ - Inmed","D059","Doctor","5000000.0","0","Individual","0","0.0","0","0","0","0","en","Customer","","","","","",""
"D062 — Հովհաննես — Իջևան ԲԿ - Inmed","Administrator","2026-05-10 17:05:07.335664","2026-05-10 17:05:07.335664","Administrator","0","0","CUST-.YYYY.-","Individual","D062 — Հովհաննես — Իջևան ԲԿ - Inmed","D061","Doctor","5000000.0","0","Individual","0","0.0","0","0","0","0","en","Customer","","","","","",""
"D063 — Հովհաննես Դրմոյան — Սլավմեդ ԲԿ - Inmed","Administrator","2026-05-10 17:05:07.359557","2026-05-10 17:05:07.359557","Administrator","0","0","CUST-.YYYY.-","Individual","D063 — Հովհաննես Դրմոյան — Սլավմեդ ԲԿ - Inmed","D062","Doctor","5000000.0","0","Individual","0","0.0","0","0","0","0","en","Customer","","","","","",""
"D064 — Հովհաննես — Արմենիա ԲԿ - Inmed","Administrator","2026-05-10 17:05:07.382157","2026-05-10 17:05:07.382157","Administrator","0","0","CUST-.YYYY.-","Individual","D064 — Հովհաննես — Արմենիա ԲԿ - Inmed","D063","Doctor","5000000.0","0","Individual","0","0.0","0","0","0","0","en","Customer","","","","","",""
"D065 — Բագրատ Բավեյան — ԹԻՎ 2 ԲԿ - Inmed","Administrator","2026-05-10 17:05:07.403458","2026-05-10 17:05:07.403458","Administrator","0","0","CUST-.YYYY.-","Individual","D065 — Բագրատ Բավեյան — ԹԻՎ 2 ԲԿ - Inmed","D064","Doctor","5000000.0","0","Individual","0","0.0","0","0","0","0","en","Customer","","","","","",""
"D066 — Հարություն Մխիթարյան — Վարդանանց ԲԿ - Inmed","Administrator","2026-05-10 17:05:07.434926","2026-05-10 17:05:07.434926","Administrator","0","0","CUST-.YYYY.-","Individual","D066 — Հարություն Մխիթարյան — Վարդանանց ԲԿ - Inmed","D065","Doctor","5000000.0","0","Individual","0","0.0","0","0","0","0","en","Customer","","","","","",""
"D067 — Արամազդ Սահակյան — Իզմիրլյան ԲԿ - Inmed","Administrator","2026-05-10 17:05:07.465623","2026-05-10 17:05:07.465623","Administrator","0","0","CUST-.YYYY.-","Individual","D067 — Արամազդ Սահակյան — Իզմիրլյան ԲԿ - Inmed","D066","Doctor","5000000.0","0","Individual","0","0.0","0","0","0","0","en","Customer","","","","","",""
"D068 — Հարություն Խոստիկյան — Էրեբունի ԲԿ - Inmed","Administrator","2026-05-10 17:05:07.496542","2026-05-10 17:05:07.496542","Administrator","0","0","CUST-.YYYY.-","Individual","D068 — Հարություն Խոստիկյան — Էրեբունի ԲԿ - Inmed","D066","Doctor","5000000.0","0","Individual","0","0.0","0","0","0","0","en","Customer","","","","","",""
"D069 — Հայկ Գյուլզադյան — Էրեբունի ԲԿ - Inmed","Administrator","2026-05-10 17:05:07.528008","2026-05-10 17:05:07.528008","Administrator","0","0","CUST-.YYYY.-","Individual","D069 — Հայկ Գյուլզադյան — Էրեբունի ԲԿ - Inmed","D068","Doctor","5000000.0","0","Individual","0","0.0","0","0","0","0","en","Customer","","","","","",""
"D070 — Հայկ Աղամալյան — Միքայելյան ԲԿ - Inmed","Administrator","2026-05-10 17:05:07.558202","2026-05-10 17:05:07.558202","Administrator","0","0","CUST-.YYYY.-","Individual","D070 — Հայկ Աղամալյան — Միքայելյան ԲԿ - Inmed","D069","Doctor","5000000.0","0","Individual","0","0.0","0","0","0","0","en","Customer","","","","","",""
"D071 — Երեմ Պողոսյան — Իզմիրլյան ԲԿ - Inmed","Administrator","2026-05-10 17:05:07.585899","2026-05-10 17:05:07.585899","Administrator","0","0","CUST-.YYYY.-","Individual","D071 — Երեմ Պողոսյան — Իզմիրլյան ԲԿ - Inmed","D070","Doctor","5000000.0","0","Individual","0","0.0","0","0","0","0","en","Customer","","","","","",""
"D072 — Համլետ — Էջմիածին ԲԿ - Inmed","Administrator","2026-05-10 17:05:07.615822","2026-05-10 17:05:07.615822","Administrator","0","0","CUST-.YYYY.-","Individual","D072 — Համլետ — Էջմիածին ԲԿ - Inmed","D070","Doctor","5000000.0","0","Individual","0","0.0","0","0","0","0","en","Customer","","","","","",""
"D073 — Հակոբ — Դիլիջան ԲԿ - Inmed","Administrator","2026-05-10 17:05:07.644716","2026-05-10 17:05:07.644716","Administrator","0","0","CUST-.YYYY.-","Individual","D073 — Հակոբ — Դիլիջան ԲԿ - Inmed","D071","Doctor","5000000.0","0","Individual","0","0.0","0","0","0","0","en","Customer","","","","","",""
"D074 — Կարեն Մարտիրոսյան — Սլավմեդ ԲԿ - Inmed","Administrator","2026-05-10 17:05:07.670828","2026-05-10 17:05:07.670828","Administrator","0","0","CUST-.YYYY.-","Individual","D074 — Կարեն Մարտիրոսյան — Սլավմեդ ԲԿ - Inmed","D072","Doctor","5000000.0","0","Individual","0","0.0","0","0","0","0","en","Customer","","","","","",""
"D075 — Կարեն Մանուկյան — Գրիգոր Լուսավորիչ ԲԿ - Inmed","Administrator","2026-05-10 17:05:07.693341","2026-05-10 17:05:07.693341","Administrator","0","0","CUST-.YYYY.-","Individual","D075 — Կարեն Մանուկյան — Գրիգոր Լուսավորիչ ԲԿ - Inmed","D073","Doctor","5000000.0","0","Individual","0","0.0","0","0","0","0","en","Customer","","","","","",""
"D076 — Նարեկ Չալիկայն — Իզմիրլյան ԲԿ - Inmed","Administrator","2026-05-10 17:05:07.717424","2026-05-10 17:05:07.717424","Administrator","0","0","CUST-.YYYY.-","Individual","D076 — Նարեկ Չալիկայն — Իզմիրլյան ԲԿ - Inmed","D073","Doctor","5000000.0","0","Individual","0","0.0","0","0","0","0","en","Customer","","","","","",""
"D077 — Կարեն Դավթյան — Արամյանց ԲԿ - Inmed","Administrator","2026-05-10 17:05:07.746676","2026-05-10 17:05:07.746676","Administrator","0","0","CUST-.YYYY.-","Individual","D077 — Կարեն Դավթյան — Արամյանց ԲԿ - Inmed","D074","Doctor","5000000.0","0","Individual","0","0.0","0","0","0","0","en","Customer","","","","","",""
"D078 — Սպիտակ Ալեքսանդր Արզումանյան — Իզմիրլյան ԲԿ - Inmed","Administrator","2026-05-10 17:05:07.766216","2026-05-10 17:05:07.766216","Administrator","0","0","CUST-.YYYY.-","Individual","D078 — Սպիտակ Ալեքսանդր Արզումանյան — Իզմիրլյան ԲԿ - Inmed","D075","Doctor","5000000.0","0","Individual","0","0.0","0","0","0","0","en","Customer","","","","","",""
"D079 — Կարապետ Մոմջյան — Էրեբունի ԲԿ - Inmed","Administrator","2026-05-10 17:05:07.789685","2026-05-10 17:05:07.789685","Administrator","0","0","CUST-.YYYY.-","Individual","D079 — Կարապետ Մոմջյան — Էրեբունի ԲԿ - Inmed","D077","Doctor","5000000.0","0","Individual","0","0.0","0","0","0","0","en","Customer","","","","","",""
"D080 — Վանաձոր ԲԿ Վանուշ — Իզմիրլյան ԲԿ - Inmed","Administrator","2026-05-10 17:05:07.809855","2026-05-10 17:05:07.809855","Administrator","0","0","CUST-.YYYY.-","Individual","D080 — Վանաձոր ԲԿ Վանուշ — Իզմիրլյան ԲԿ - Inmed","D077","Doctor","5000000.0","0","Individual","0","0.0","0","0","0","0","en","Customer","","","","","",""
"D081 — Ալեքսանդր Արզումանյան — Իզմիրլյան ԲԿ - Inmed","Administrator","2026-05-10 17:05:07.830564","2026-05-10 17:05:07.830564","Administrator","0","0","CUST-.YYYY.-","Individual","D081 — Ալեքսանդր Արզումանյան — Իզմիրլյան ԲԿ - Inmed","D078","Doctor","5000000.0","0","Individual","0","0.0","0","0","0","0","en","Customer","","","","","",""
"D082 — Ծերունի Հովհաննիսյան — Արմենիա ԲԿ - Inmed","Administrator","2026-05-10 17:05:07.851001","2026-05-10 17:05:07.851001","Administrator","0","0","CUST-.YYYY.-","Individual","D082 — Ծերունի Հովհաննիսյան — Արմենիա ԲԿ - Inmed","D078","Doctor","5000000.0","0","Individual","0","0.0","0","0","0","0","en","Customer","","","","","",""
"D083 — Խաչատուր Հարությունյան — Միքայելյան ԲԿ - Inmed","Administrator","2026-05-10 17:05:07.869147","2026-05-10 17:05:07.869147","Administrator","0","0","CUST-.YYYY.-","Individual","D083 — Խաչատուր Հարությունյան — Միքայելյան ԲԿ - Inmed","D081","Doctor","5000000.0","0","Individual","0","0.0","0","0","0","0","en","Customer","","","","","",""
"D084 — Լիպարիտ Կարապետյան — Իզմիրլյան ԲԿ - Inmed","Administrator","2026-05-10 17:05:07.892783","2026-05-10 17:05:07.892783","Administrator","0","0","CUST-.YYYY.-","Individual","D084 — Լիպարիտ Կարապետյան — Իզմիրլյան ԲԿ - Inmed","D082","Doctor","5000000.0","0","Individual","0","0.0","0","0","0","0","en","Customer","","","","","",""
"D085 — Ժորա — Գյումրի ԲԿ - Inmed","Administrator","2026-05-10 17:05:07.915485","2026-05-10 17:05:07.915485","Administrator","0","0","CUST-.YYYY.-","Individual","D085 — Ժորա — Գյումրի ԲԿ - Inmed","D084","Doctor","5000000.0","0","Individual","0","0.0","0","0","0","0","en","Customer","","","","","",""
"D086 — Ասատուր — Կապան ԲԿ - Inmed","Administrator","2026-05-10 17:05:07.935041","2026-05-10 17:05:07.935041","Administrator","0","0","CUST-.YYYY.-","Individual","D086 — Ասատուր — Կապան ԲԿ - Inmed","D086","Doctor","5000000.0","0","Individual","0","0.0","0","0","0","0","en","Customer","","","","","",""
"D087 — Էմիլ — Իջևան ԲԿ - Inmed","Administrator","2026-05-10 17:05:07.967598","2026-05-10 17:05:07.967598","Administrator","0","0","CUST-.YYYY.-","Individual","D087 — Էմիլ — Իջևան ԲԿ - Inmed","D087","Doctor","5000000.0","0","Individual","0","0.0","0","0","0","0","en","Customer","","","","","",""
"D088 — Էդվարդ Մխիթարյան — Էրեբունի ԲԿ - Inmed","Administrator","2026-05-10 17:05:07.986433","2026-05-10 17:05:07.986433","Administrator","0","0","CUST-.YYYY.-","Individual","D088 — Էդվարդ Մխիթարյան — Էրեբունի ԲԿ - Inmed","D088","Doctor","5000000.0","0","Individual","0","0.0","0","0","0","0","en","Customer","","","","","",""
"D089 — Իշխան ԲԿ — Հոսպիտալ - Inmed","Administrator","2026-05-10 17:05:08.010047","2026-05-10 17:05:08.010047","Administrator","0","0","CUST-.YYYY.-","Individual","D089 — Իշխան ԲԿ — Հոսպիտալ - Inmed","D090","Doctor","5000000.0","0","Individual","0","0.0","0","0","0","0","en","Customer","","","","","",""
"D090 — Զավեն Մելիքյան — Նաիրի ԲԿ - Inmed","Administrator","2026-05-10 17:05:08.036802","2026-05-10 17:05:08.036802","Administrator","0","0","CUST-.YYYY.-","Individual","D090 — Զավեն Մելիքյան — Նաիրի ԲԿ - Inmed","D091","Doctor","5000000.0","0","Individual","0","0.0","0","0","0","0","en","Customer","","","","","",""
"D091 — Զավեն Բեգլարյան — Էրեբունի ԲԿ - Inmed","Administrator","2026-05-10 17:05:08.065627","2026-05-10 17:05:08.065627","Administrator","0","0","CUST-.YYYY.-","Individual","D091 — Զավեն Բեգլարյան — Էրեբունի ԲԿ - Inmed","D092","Doctor","5000000.0","0","Individual","0","0.0","0","0","0","0","en","Customer","","","","","",""
"D092 — Բերդ Ավետիս — Մեդլայն ԲԿ - Inmed","Administrator","2026-05-10 17:05:08.092442","2026-05-10 17:05:08.092442","Administrator","0","0","CUST-.YYYY.-","Individual","D092 — Բերդ Ավետիս — Մեդլայն ԲԿ - Inmed","D094","Doctor","5000000.0","0","Individual","0","0.0","0","0","0","0","en","Customer","","","","","",""
"D093 — Դերենիկ — Արմենիա ԲԿ - Inmed","Administrator","2026-05-10 17:05:08.131898","2026-05-10 17:05:08.131898","Administrator","0","0","CUST-.YYYY.-","Individual","D093 — Դերենիկ — Արմենիա ԲԿ - Inmed","D094","Doctor","5000000.0","0","Individual","0","0.0","0","0","0","0","en","Customer","","","","","",""
"D094 — Բերդ Մանուկ Ներսեսյան — Մեդլայն ԲԿ - Inmed","Administrator","2026-05-10 17:05:08.156625","2026-05-10 17:05:08.156625","Administrator","0","0","CUST-.YYYY.-","Individual","D094 — Բերդ Մանուկ Ներսեսյան — Մեդլայն ԲԿ - Inmed","D095","Doctor","5000000.0","0","Individual","0","0.0","0","0","0","0","en","Customer","","","","","",""
"D095 — Բերդ Վաղինակ — Մեդլայն ԲԿ - Inmed","Administrator","2026-05-10 17:05:08.196510","2026-05-10 17:05:08.196510","Administrator","0","0","CUST-.YYYY.-","Individual","D095 — Բերդ Վաղինակ — Մեդլայն ԲԿ - Inmed","D096","Doctor","5000000.0","0","Individual","0","0.0","0","0","0","0","en","Customer","","","","","",""
"D096 — Ատոմ Տեր-Գրիգորյան — Միքայելյան ԲԿ - Inmed","Administrator","2026-05-10 17:05:08.225077","2026-05-10 17:05:08.225077","Administrator","0","0","CUST-.YYYY.-","Individual","D096 — Ատոմ Տեր-Գրիգորյան — Միքայելյան ԲԿ - Inmed","D097","Doctor","5000000.0","0","Individual","0","0.0","0","0","0","0","en","Customer","","","","","",""
"D097 — Արթուր Մեմբրեյան — Միքայելյան ԲԿ - Inmed","Administrator","2026-05-10 17:05:08.255759","2026-05-10 17:05:08.255759","Administrator","0","0","CUST-.YYYY.-","Individual","D097 — Արթուր Մեմբրեյան — Միքայելյան ԲԿ - Inmed","D098","Doctor","5000000.0","0","Individual","0","0.0","0","0","0","0","en","Customer","","","","","",""
"D098 — Էրիկ Կոսյան — Միքայելյան ԲԿ - Inmed","Administrator","2026-05-10 17:05:08.296940","2026-05-10 17:05:08.296940","Administrator","0","0","CUST-.YYYY.-","Individual","D098 — Էրիկ Կոսյան — Միքայելյան ԲԿ - Inmed","D099","Doctor","5000000.0","0","Individual","0","0.0","0","0","0","0","en","Customer","","","","","",""
"D099 — Գուրգեն Բախտամյան — Իզմիրլյան ԲԿ - Inmed","Administrator","2026-05-10 17:05:08.326187","2026-05-10 17:05:08.326187","Administrator","0","0","CUST-.YYYY.-","Individual","D099 — Գուրգեն Բախտամյան — Իզմիրլյան ԲԿ - Inmed","D100","Doctor","5000000.0","0","Individual","0","0.0","0","0","0","0","en","Customer","","","","","",""
"D100 — Գոռ Պապիկյան — Սլավմեդ ԲԿ - Inmed","Administrator","2026-05-10 17:05:08.355053","2026-05-10 17:05:08.355053","Administrator","0","0","CUST-.YYYY.-","Individual","D100 — Գոռ Պապիկյան — Սլավմեդ ԲԿ - Inmed","D101","Doctor","5000000.0","0","Individual","0","0.0","0","0","0","0","en","Customer","","","","","",""
"D101 — Վալոդ — Միքայելյան ԲԿ - Inmed","Administrator","2026-05-10 17:05:08.398938","2026-05-10 17:05:08.398938","Administrator","0","0","CUST-.YYYY.-","Individual","D101 — Վալոդ — Միքայելյան ԲԿ - Inmed","D101","Doctor","5000000.0","0","Individual","0","0.0","0","0","0","0","en","Customer","","","","","",""
"D102 — Տիգրան Կուպալյան — Միքայելյան ԲԿ - Inmed","Administrator","2026-05-10 17:05:08.438340","2026-05-10 17:05:08.438340","Administrator","0","0","CUST-.YYYY.-","Individual","D102 — Տիգրան Կուպալյան — Միքայելյան ԲԿ - Inmed","D102","Doctor","5000000.0","0","Individual","0","0.0","0","0","0","0","en","Customer","","","","","",""
"D103 — Գոռ Ամրոյան — Օրթոպետիկ ԲԿ - Inmed","Administrator","2026-05-10 17:05:08.470912","2026-05-10 17:05:08.470912","Administrator","0","0","CUST-.YYYY.-","Individual","D103 — Գոռ Ամրոյան — Օրթոպետիկ ԲԿ - Inmed","D103","Doctor","5000000.0","0","Individual","0","0.0","0","0","0","0","en","Customer","","","","","",""
"D104 — Գևորգ Ջհանդիրյան — Արաբկիր ԲԿ - Inmed","Administrator","2026-05-10 17:05:08.508536","2026-05-10 17:05:08.508536","Administrator","0","0","CUST-.YYYY.-","Individual","D104 — Գևորգ Ջհանդիրյան — Արաբկիր ԲԿ - Inmed","D104","Doctor","5000000.0","0","Individual","0","0.0","0","0","0","0","en","Customer","","","","","",""
"D105 — Գևորգ Ալոյան — Սրբ․ Աստվածամայր ԲԿ - Inmed","Administrator","2026-05-10 17:05:08.536945","2026-05-10 17:05:08.536945","Administrator","0","0","CUST-.YYYY.-","Individual","D105 — Գևորգ Ալոյան — Սրբ․ Աստվածամայր ԲԿ - Inmed","D105","Doctor","5000000.0","0","Individual","0","0.0","0","0","0","0","en","Customer","","","","","",""
"D106 — Բակուր Հարությունյան — Էրեբունի ԲԿ - Inmed","Administrator","2026-05-10 17:05:08.570991","2026-05-10 17:05:08.570991","Administrator","0","0","CUST-.YYYY.-","Individual","D106 — Բակուր Հարությունյան — Էրեբունի ԲԿ - Inmed","D106","Doctor","5000000.0","0","Individual","0","0.0","0","0","0","0","en","Customer","","","","","",""
"D107 — Արտյոմ — Վանաձոր ԲԿ - Inmed","Administrator","2026-05-10 17:05:08.590943","2026-05-10 17:05:08.590943","Administrator","0","0","CUST-.YYYY.-","Individual","D107 — Արտյոմ — Վանաձոր ԲԿ - Inmed","D108","Doctor","5000000.0","0","Individual","0","0.0","0","0","0","0","en","Customer","","","","","",""
"D108 — Արտյոմ — Սրբ․ Աստվածամայր ԲԿ - Inmed","Administrator","2026-05-10 17:05:08.618921","2026-05-10 17:05:08.618921","Administrator","0","0","CUST-.YYYY.-","Individual","D108 — Արտյոմ — Սրբ․ Աստվածամայր ԲԿ - Inmed","D109","Doctor","5000000.0","0","Individual","0","0.0","0","0","0","0","en","Customer","","","","","",""
"D109 — Ադի Մհոյան — Ուիգմոր Քլինիք - Inmed","Administrator","2026-05-10 17:05:08.643752","2026-05-10 17:05:08.643752","Administrator","0","0","CUST-.YYYY.-","Individual","D109 — Ադի Մհոյան — Ուիգմոր Քլինիք - Inmed","D111","Doctor","5000000.0","0","Individual","0","0.0","0","0","0","0","en","Customer","","","","","",""
"D110 — Արտաշ — Հրազդան ԲԿ - Inmed","Administrator","2026-05-10 17:05:08.672207","2026-05-10 17:05:08.672207","Administrator","0","0","CUST-.YYYY.-","Individual","D110 — Արտաշ — Հրազդան ԲԿ - Inmed","D111","Doctor","5000000.0","0","Individual","0","0.0","0","0","0","0","en","Customer","","","","","",""
"D111 — Արտակ Օհանյան — Իզմիրլյան ԲԿ - Inmed","Administrator","2026-05-10 17:05:08.727645","2026-05-10 17:05:08.727645","Administrator","0","0","CUST-.YYYY.-","Individual","D111 — Արտակ Օհանյան — Իզմիրլյան ԲԿ - Inmed","D112","Doctor","5000000.0","0","Individual","0","0.0","0","0","0","0","en","Customer","","","","","",""
"D112 — Արտակ Հունանյան — Սլավմեդ ԲԿ - Inmed","Administrator","2026-05-10 17:05:08.764801","2026-05-10 17:05:08.764801","Administrator","0","0","CUST-.YYYY.-","Individual","D112 — Արտակ Հունանյան — Սլավմեդ ԲԿ - Inmed","D113","Doctor","5000000.0","0","Individual","0","0.0","0","0","0","0","en","Customer","","","","","",""
"D113 — Դավիթ Սեկոյան — Ուիգմոր Քլինիք - Inmed","Administrator","2026-05-10 17:05:08.786675","2026-05-10 17:05:08.786675","Administrator","0","0","CUST-.YYYY.-","Individual","D113 — Դավիթ Սեկոյան — Ուիգմոր Քլինիք - Inmed","D113","Doctor","5000000.0","0","Individual","0","0.0","0","0","0","0","en","Customer","","","","","",""
"D114 — Էդուարդ Ասատրյան — Ուիգմոր Քլինիք - Inmed","Administrator","2026-05-10 17:05:08.807969","2026-05-10 17:05:08.807969","Administrator","0","0","CUST-.YYYY.-","Individual","D114 — Էդուարդ Ասատրյան — Ուիգմոր Քլինիք - Inmed","D114","Doctor","5000000.0","0","Individual","0","0.0","0","0","0","0","en","Customer","","","","","",""
"D115 — Արտակ Գալստյան — Արթմեդ ԲԿ - Inmed","Administrator","2026-05-10 17:05:08.828665","2026-05-10 17:05:08.828665","Administrator","0","0","CUST-.YYYY.-","Individual","D115 — Արտակ Գալստյան — Արթմեդ ԲԿ - Inmed","D115","Doctor","5000000.0","0","Individual","0","0.0","0","0","0","0","en","Customer","","","","","",""
"D116 — Յուրի Սիմոնյան — Ուիգմոր Քլինիք - Inmed","Administrator","2026-05-10 17:05:08.846041","2026-05-10 17:05:08.846041","Administrator","0","0","CUST-.YYYY.-","Individual","D116 — Յուրի Սիմոնյան — Ուիգմոր Քլինիք - Inmed","D115","Doctor","5000000.0","0","Individual","0","0.0","0","0","0","0","en","Customer","","","","","",""
"D117 — Արսեն Կիրակոսյան — Արմենիա ԲԿ - Inmed","Administrator","2026-05-10 17:05:08.868044","2026-05-10 17:05:08.868044","Administrator","0","0","CUST-.YYYY.-","Individual","D117 — Արսեն Կիրակոսյան — Արմենիա ԲԿ - Inmed","D117","Doctor","5000000.0","0","Individual","0","0.0","0","0","0","0","en","Customer","","","","","",""
"D118 — Հովհաննես — Ուիգմոր Քլինիք - Inmed","Administrator","2026-05-10 17:05:08.890319","2026-05-10 17:05:08.890319","Administrator","0","0","CUST-.YYYY.-","Individual","D118 — Հովհաննես — Ուիգմոր Քլինիք - Inmed","D117","Doctor","5000000.0","0","Individual","0","0.0","0","0","0","0","en","Customer","","","","","",""
"D119 — Արսեն Գևորգյան — Արթմեդ ԲԿ - Inmed","Administrator","2026-05-10 17:05:08.915098","2026-05-10 17:05:08.915098","Administrator","0","0","CUST-.YYYY.-","Individual","D119 — Արսեն Գևորգյան — Արթմեդ ԲԿ - Inmed","D118","Doctor","5000000.0","0","Individual","0","0.0","0","0","0","0","en","Customer","","","","","",""
"D120 — Արմեն Պողոսյան — Էրեբունի ԲԿ - Inmed","Administrator","2026-05-10 17:05:08.942454","2026-05-10 17:05:08.942454","Administrator","0","0","CUST-.YYYY.-","Individual","D120 — Արմեն Պողոսյան — Էրեբունի ԲԿ - Inmed","D121","Doctor","5000000.0","0","Individual","0","0.0","0","0","0","0","en","Customer","","","","","",""
"D121 — Արմեն Բագրեյան — Եղեգնաձոր ԲԿ - Inmed","Administrator","2026-05-10 17:05:08.961438","2026-05-10 17:05:08.961438","Administrator","0","0","CUST-.YYYY.-","Individual","D121 — Արմեն Բագրեյան — Եղեգնաձոր ԲԿ - Inmed","D122","Doctor","5000000.0","0","Individual","0","0.0","0","0","0","0","en","Customer","","","","","",""
"D122 — Արման — Սլավմեդ ԲԿ - Inmed","Administrator","2026-05-10 17:05:08.982775","2026-05-10 17:05:08.982775","Administrator","0","0","CUST-.YYYY.-","Individual","D122 — Արման — Սլավմեդ ԲԿ - Inmed","D123","Doctor","5000000.0","0","Individual","0","0.0","0","0","0","0","en","Customer","","","","","",""
"D123 — Հովնան Հարությունյան — Սլավմեդ ԲԿ - Inmed","Administrator","2026-05-10 17:05:09.010434","2026-05-10 17:05:09.010434","Administrator","0","0","CUST-.YYYY.-","Individual","D123 — Հովնան Հարությունյան — Սլավմեդ ԲԿ - Inmed","D123","Doctor","5000000.0","0","Individual","0","0.0","0","0","0","0","en","Customer","","","","","",""
"D124 — Արման Սահակյան — Իզմիրլյան ԲԿ - Inmed","Administrator","2026-05-10 17:05:09.042671","2026-05-10 17:05:09.042671","Administrator","0","0","CUST-.YYYY.-","Individual","D124 — Արման Սահակյան — Իզմիրլյան ԲԿ - Inmed","D124","Doctor","5000000.0","0","Individual","0","0.0","0","0","0","0","en","Customer","","","","","",""
"D125 — Արման — Հոկտեմբերյան ԲԿ - Inmed","Administrator","2026-05-10 17:05:09.095759","2026-05-10 17:05:09.095759","Administrator","0","0","CUST-.YYYY.-","Individual","D125 — Արման — Հոկտեմբերյան ԲԿ - Inmed","D125","Doctor","5000000.0","0","Individual","0","0.0","0","0","0","0","en","Customer","","","","","",""
"D126 — Արթուր Սաղաթելյան — Տոնոյան ԲԿ - Inmed","Administrator","2026-05-10 17:05:09.202024","2026-05-10 17:05:09.202024","Administrator","0","0","CUST-.YYYY.-","Individual","D126 — Արթուր Սաղաթելյան — Տոնոյան ԲԿ - Inmed","D126","Doctor","5000000.0","0","Individual","0","0.0","0","0","0","0","en","Customer","","","","","",""
"D127 — Արթուր — Նաիրի ԲԿ - Inmed","Administrator","2026-05-10 17:05:09.240873","2026-05-10 17:05:09.240873","Administrator","0","0","CUST-.YYYY.-","Individual","D127 — Արթուր — Նաիրի ԲԿ - Inmed","D127","Doctor","5000000.0","0","Individual","0","0.0","0","0","0","0","en","Customer","","","","","",""
"D128 — Արթուր Մարտիրոսյան — Իզմիրլյան ԲԿ - Inmed","Administrator","2026-05-10 17:05:09.262234","2026-05-10 17:05:09.262234","Administrator","0","0","CUST-.YYYY.-","Individual","D128 — Արթուր Մարտիրոսյան — Իզմիրլյան ԲԿ - Inmed","D129","Doctor","5000000.0","0","Individual","0","0.0","0","0","0","0","en","Customer","","","","","",""
"D129 — Արթուր Աղամիրյան — Էրեբունի ԲԿ - Inmed","Administrator","2026-05-10 17:05:09.292454","2026-05-10 17:05:09.292454","Administrator","0","0","CUST-.YYYY.-","Individual","D129 — Արթուր Աղամիրյան — Էրեբունի ԲԿ - Inmed","D130","Doctor","5000000.0","0","Individual","0","0.0","0","0","0","0","en","Customer","","","","","",""
"D130 — Արեգ — Նաիրի ԲԿ - Inmed","Administrator","2026-05-10 17:05:09.323449","2026-05-10 17:05:09.323449","Administrator","0","0","CUST-.YYYY.-","Individual","D130 — Արեգ — Նաիրի ԲԿ - Inmed","D131","Doctor","5000000.0","0","Individual","0","0.0","0","0","0","0","en","Customer","","","","","",""
"D131 — Վահագն — Սրբ․ Աստվածամայր ԲԿ - Inmed","Administrator","2026-05-10 17:05:09.350836","2026-05-10 17:05:09.350836","Administrator","0","0","CUST-.YYYY.-","Individual","D131 — Վահագն — Սրբ․ Աստվածամայր ԲԿ - Inmed","D131","Doctor","5000000.0","0","Individual","0","0.0","0","0","0","0","en","Customer","","","","","",""
"D132 — Արարատ Լևոնյան — Աստղիկ ԲԿ - Inmed","Administrator","2026-05-10 17:05:09.383859","2026-05-10 17:05:09.383859","Administrator","0","0","CUST-.YYYY.-","Individual","D132 — Արարատ Լևոնյան — Աստղիկ ԲԿ - Inmed","D132","Doctor","5000000.0","0","Individual","0","0.0","0","0","0","0","en","Customer","","","","","",""
"D133 — Արա Սարգսյան — Աբովյան ԲԿ - Inmed","Administrator","2026-05-10 17:05:09.415467","2026-05-10 17:05:09.415467","Administrator","0","0","CUST-.YYYY.-","Individual","D133 — Արա Սարգսյան — Աբովյան ԲԿ - Inmed","D133","Doctor","5000000.0","0","Individual","0","0.0","0","0","0","0","en","Customer","","","","","",""
"D134 — Արա Այվազյան — Արմենիա ԲԿ - Inmed","Administrator","2026-05-10 17:05:09.451278","2026-05-10 17:05:09.451278","Administrator","0","0","CUST-.YYYY.-","Individual","D134 — Արա Այվազյան — Արմենիա ԲԿ - Inmed","D134","Doctor","5000000.0","0","Individual","0","0.0","0","0","0","0","en","Customer","","","","","",""
"D135 — Սարգիս — Վանաձոր ԲԿ - Inmed","Administrator","2026-05-10 17:05:09.477350","2026-05-10 17:05:09.477350","Administrator","0","0","CUST-.YYYY.-","Individual","D135 — Սարգիս — Վանաձոր ԲԿ - Inmed","D135","Doctor","5000000.0","0","Individual","0","0.0","0","0","0","0","en","Customer","","","","","",""
"D136 — Ավետ — Մարտունի ԲԿ - Inmed","Administrator","2026-05-10 17:05:09.497902","2026-05-10 17:05:09.497902","Administrator","0","0","CUST-.YYYY.-","Individual","D136 — Ավետ — Մարտունի ԲԿ - Inmed","D137","Doctor","5000000.0","0","Individual","0","0.0","0","0","0","0","en","Customer","","","","","",""
"D137 — Էդիկ — Տոնոյան ԲԿ - Inmed","Administrator","2026-05-10 17:05:09.514775","2026-05-10 17:05:09.514775","Administrator","0","0","CUST-.YYYY.-","Individual","D137 — Էդիկ — Տոնոյան ԲԿ - Inmed","D138","Doctor","5000000.0","0","Individual","0","0.0","0","0","0","0","en","Customer","","","","","",""
"D138 — Աշոտ Հարությունյան — Ուիգմոր Քլինիք - Inmed","Administrator","2026-05-10 17:05:09.538535","2026-05-10 17:05:09.538535","Administrator","0","0","CUST-.YYYY.-","Individual","D138 — Աշոտ Հարությունյան — Ուիգմոր Քլինիք - Inmed","D139","Doctor","5000000.0","0","Individual","0","0.0","0","0","0","0","en","Customer","","","","","",""
"D139 — Գոռ Աստվածատրյան — Քանաքեռ-Զեյթուն ԲԿ - Inmed","Administrator","2026-05-10 17:05:09.556645","2026-05-10 17:05:09.556645","Administrator","0","0","CUST-.YYYY.-","Individual","D139 — Գոռ Աստվածատրյան — Քանաքեռ-Զեյթուն ԲԿ - Inmed","D140","Doctor","5000000.0","0","Individual","0","0.0","0","0","0","0","en","Customer","","","","","",""
"D140 — Աշոտ Բունիաթյան — Գրիգոր Լուսավորիչ ԲԿ - Inmed","Administrator","2026-05-10 17:05:09.585481","2026-05-10 17:05:09.585481","Administrator","0","0","CUST-.YYYY.-","Individual","D140 — Աշոտ Բունիաթյան — Գրիգոր Լուսավորիչ ԲԿ - Inmed","D141","Doctor","5000000.0","0","Individual","0","0.0","0","0","0","0","en","Customer","","","","","",""
"D141 — Կարեն Ճգնավորյան — Քանաքեռ-Զեյթուն ԲԿ - Inmed","Administrator","2026-05-10 17:05:09.610121","2026-05-10 17:05:09.610121","Administrator","0","0","CUST-.YYYY.-","Individual","D141 — Կարեն Ճգնավորյան — Քանաքեռ-Զեյթուն ԲԿ - Inmed","D141","Doctor","5000000.0","0","Individual","0","0.0","0","0","0","0","en","Customer","","","","","",""
"D142 — Աշոտ Ադամյան — Քանաքեռ-Զեյթուն ԲԿ - Inmed","Administrator","2026-05-10 17:05:09.670940","2026-05-10 17:05:09.670940","Administrator","0","22","CUST-.YYYY.-","Individual","D142 — Աշոտ Ադամյան — Քանաքեռ-Զեյթուն ԲԿ - Inmed","D142","Doctor","5000000.0","0","Individual","0","0.0","0","0","0","0","en","Customer","","","","","",""
"D143 — Կարեն Մարտիրոսյան — Քանաքեռ-Զեյթուն ԲԿ - Inmed","Administrator","2026-05-10 17:05:09.707523","2026-05-10 17:05:09.707523","Administrator","0","16","CUST-.YYYY.-","Individual","D143 — Կարեն Մարտիրոսյան — Քանաքեռ-Զեյթուն ԲԿ - Inmed","D142","Doctor","5000000.0","0","Individual","0","0.0","0","0","0","0","en","Customer","","","","","",""
"D144 — Այվազ — Սպիտակ ԲԿ - Inmed","Administrator","2026-05-10 17:05:09.738868","2026-05-10 17:05:09.738868","Administrator","0","1","CUST-.YYYY.-","Individual","D144 — Այվազ — Սպիտակ ԲԿ - Inmed","D143","Doctor","5000000.0","0","Individual","0","0.0","0","0","0","0","en","Customer","","","","","",""
"D145 — Սերոբ — Օրթոպետիկ ԲԿ - Inmed","Administrator","2026-05-10 17:05:09.773460","2026-05-10 17:05:09.773460","Administrator","0","7","CUST-.YYYY.-","Individual","D145 — Սերոբ — Օրթոպետիկ ԲԿ - Inmed","D144","Doctor","5000000.0","0","Individual","0","0.0","0","0","0","0","en","Customer","","","","","",""
"D146 — Խորեն Հովհաննիսյան — Օրթոպետիկ ԲԿ - Inmed","Administrator","2026-05-10 17:05:09.801535","2026-05-10 17:05:09.801535","Administrator","0","4","CUST-.YYYY.-","Individual","D146 — Խորեն Հովհաննիսյան — Օրթոպետիկ ԲԿ - Inmed","D146","Doctor","5000000.0","0","Individual","0","0.0","0","0","0","0","en","Customer","","","","","",""
"D147 — Սեդրակ Նարիմանյան — Օրթոպետիկ ԲԿ - Inmed","Administrator","2026-05-10 17:05:09.842238","2026-05-10 17:05:09.842238","Administrator","0","0","CUST-.YYYY.-","Individual","D147 — Սեդրակ Նարիմանյան — Օրթոպետիկ ԲԿ - Inmed","D148","Doctor","5000000.0","0","Individual","0","0.0","0","0","0","0","en","Customer","","","","","",""
"D148 — Ահարոն — Հոկտեմբերյան ԲԿ - Inmed","Administrator","2026-05-10 17:05:09.877647","2026-05-10 17:05:09.877647","Administrator","0","4","CUST-.YYYY.-","Individual","D148 — Ահարոն — Հոկտեմբերյան ԲԿ - Inmed","D149","Doctor","5000000.0","0","Individual","0","0.0","0","0","0","0","en","Customer","","","","","",""
"D149 — Ալեքսանդր — Ֆանարջյան ՈւԱԿ - Inmed","Administrator","2026-05-10 17:05:09.910956","2026-05-10 17:05:09.910956","Administrator","0","4","CUST-.YYYY.-","Individual","D149 — Ալեքսանդր — Ֆանարջյան ՈւԱԿ - Inmed","D150","Doctor","5000000.0","0","Individual","0","0.0","0","0","0","0","en","Customer","","","","","",""
"D150 — Կարապետ — Ֆանարջյան ՈւԱԿ - Inmed","Administrator","2026-05-10 17:05:09.936401","2026-05-10 17:05:09.936401","Administrator","0","0","CUST-.YYYY.-","Individual","D150 — Կարապետ — Ֆանարջյան ՈւԱԿ - Inmed","D151","Doctor","5000000.0","0","Individual","0","0.0","0","0","0","0","en","Customer","","","","","",""
"D151 — Մամիկոն — Ֆանարջյան ՈւԱԿ - Inmed","Administrator","2026-05-10 17:05:09.969766","2026-05-10 17:05:09.969766","Administrator","0","4","CUST-.YYYY.-","Individual","D151 — Մամիկոն — Ֆանարջյան ՈւԱԿ - Inmed","D152","Doctor","5000000.0","0","Individual","0","0.0","0","0","0","0","en","Customer","","","","","",""
