"name","owner","creation","modified","modified_by","docstatus","idx","naming_series","item_code","item_name","item_group","stock_uom","disabled","allow_alternative_item","is_stock_item","has_variants","is_fixed_asset","auto_create_assets","is_grouped_asset","opening_stock","standard_rate","over_delivery_receipt_allowance","over_billing_allowance","brand","valuation_method","valuation_rate","end_of_life","default_material_request_type","weight_per_unit","allow_negative_stock","has_batch_no","create_new_batch","has_expiry_date","shelf_life_in_days","retain_sample","sample_quantity","has_serial_no","variant_based_on","enable_deferred_expense","no_of_months_exp","enable_deferred_revenue","no_of_months","min_order_qty","safety_stock","is_purchase_item","lead_time_days","last_purchase_rate","is_customer_provided_item","delivered_by_supplier","grant_commission","is_sales_item","max_discount","inspection_required_before_purchase","inspection_required_before_delivery","include_item_in_manufacturing","is_sub_contracted_item","production_capacity","total_projected_qty","customer_code","doctype","uoms","barcodes","reorder_levels","item_defaults","attributes","supplier_items","customer_items","taxes"
"1101.3512","levonaghinyan77@gmail.com","2026-04-27 18:50:21.271088","2026-04-27 18:50:21.271088","levonaghinyan77@gmail.com","0","0","STO-ITEM-.YYYY.-","1101.3512","Cortex Screw
 3.5*12mm","zmd screws","Nos","0","0","1","0","0","0","0","0.0","0.0","0.0","0.0","ZMD","","0.0","2099-12-31","Purchase","0.0","0","0","0","0","0","0","0","0","Item Attribute","0","0","0","0","0.0","0.0","1","0","0.0","0","0","1","1","0.0","0","0","1","0","0","0.0","","Item","{""name"":""b64cv4541s"",""owner"":""levonaghinyan77@gmail.com"",""creation"":""2026-04-27 18:50:21.282957"",""modified"":""2026-04-27 18:50:21.282957"",""modified_by"":""levonaghinyan77@gmail.com"",""docstatus"":0,""idx"":1,""uom"":""Nos"",""conversion_factor"":1.0,""parent"":""1101.3512"",""parentfield"":""uoms"",""parenttype"":""Item"",""doctype"":""UOM Conversion Detail""}","","","{""name"":""b64o51kf79"",""owner"":""levonaghinyan77@gmail.com"",""creation"":""2026-04-27 18:50:21.283699"",""modified"":""2026-04-27 18:50:21.283699"",""modified_by"":""levonaghinyan77@gmail.com"",""docstatus"":0,""idx"":1,""company"":""InMED"",""default_warehouse"":""Stores - Inmed"",""parent"":""1101.3512"",""parentfield"":""item_defaults"",""parenttype"":""Item"",""doctype"":""Item Default""}","","","",""
"1101.3514","levonaghinyan77@gmail.com","2026-04-27 18:50:21.305483","2026-04-27 18:50:21.305483","levonaghinyan77@gmail.com","0","0","STO-ITEM-.YYYY.-","1101.3514","Cortex Screw  3.5*14mm","zmd screws","Nos","0","0","1","0","0","0","0","0.0","0.0","0.0","0.0","ZMD","","0.0","2099-12-31","Purchase","0.0","0","0","0","0","0","0","0","0","Item Attribute","0","0","0","0","0.0","0.0","1","0","0.0","0","0","1","1","0.0","0","0","1","0","0","0.0","","Item","{""name"":""b650aeejjt"",""owner"":""levonaghinyan77@gmail.com"",""creation"":""2026-04-27 18:50:21.320143"",""modified"":""2026-04-27 18:50:21.320143"",""modified_by"":""levonaghinyan77@gmail.com"",""docstatus"":0,""idx"":1,""uom"":""Nos"",""conversion_factor"":1.0,""parent"":""1101.3514"",""parentfield"":""uoms"",""parenttype"":""Item"",""doctype"":""UOM Conversion Detail""}","","","{""name"":""b65l7g93mc"",""owner"":""levonaghinyan77@gmail.com"",""creation"":""2026-04-27 18:50:21.321121"",""modified"":""2026-04-27 18:50:21.321121"",""modified_by"":""levonaghinyan77@gmail.com"",""docstatus"":0,""idx"":1,""company"":""InMED"",""default_warehouse"":""Stores - Inmed"",""parent"":""1101.3514"",""parentfield"":""item_defaults"",""parenttype"":""Item"",""doctype"":""Item Default""}","","","",""
"1101.3516","levonaghinyan77@gmail.com","2026-04-27 18:50:21.347831","2026-04-27 18:50:21.347831","levonaghinyan77@gmail.com","0","0","STO-ITEM-.YYYY.-","1101.3516","Cortex Screw  3.5*16mm","zmd screws","Nos","0","0","1","0","0","0","0","0.0","0.0","0.0","0.0","ZMD","","0.0","2099-12-31","Purchase","0.0","0","0","0","0","0","0","0","0","Item Attribute","0","0","0","0","0.0","0.0","1","0","0.0","0","0","1","1","0.0","0","0","1","0","0","0.0","","Item","{""name"":""b65e7nhrce"",""owner"":""levonaghinyan77@gmail.com"",""creation"":""2026-04-27 18:50:21.360755"",""modified"":""2026-04-27 18:50:21.360755"",""modified_by"":""levonaghinyan77@gmail.com"",""docstatus"":0,""idx"":1,""uom"":""Nos"",""conversion_factor"":1.0,""parent"":""1101.3516"",""parentfield"":""uoms"",""parenttype"":""Item"",""doctype"":""UOM Conversion Detail""}","","","{""name"":""b655bp64jp"",""owner"":""levonaghinyan77@gmail.com"",""creation"":""2026-04-27 18:50:21.361456"",""modified"":""2026-04-27 18:50:21.361456"",""modified_by"":""levonaghinyan77@gmail.com"",""docstatus"":0,""idx"":1,""company"":""InMED"",""default_warehouse"":""Stores - Inmed"",""parent"":""1101.3516"",""parentfield"":""item_defaults"",""parenttype"":""Item"",""doctype"":""Item Default""}","","","",""
"1101.3518","levonaghinyan77@gmail.com","2026-04-27 18:50:21.394873","2026-04-27 18:50:21.394873","levonaghinyan77@gmail.com","0","0","STO-ITEM-.YYYY.-","1101.3518","Cortex Screw  3.5*18mm","zmd screws","Nos","0","0","1","0","0","0","0","0.0","0.0","0.0","0.0","ZMD","","0.0","2099-12-31","Purchase","0.0","0","0","0","0","0","0","0","0","Item Attribute","0","0","0","0","0.0","0.0","1","0","0.0","0","0","1","1","0.0","0","0","1","0","0","0.0","","Item","{""name"":""b66pq12ppd"",""owner"":""levonaghinyan77@gmail.com"",""creation"":""2026-04-27 18:50:21.421547"",""modified"":""2026-04-27 18:50:21.421547"",""modified_by"":""levonaghinyan77@gmail.com"",""docstatus"":0,""idx"":1,""uom"":""Nos"",""conversion_factor"":1.0,""parent"":""1101.3518"",""parentfield"":""uoms"",""parenttype"":""Item"",""doctype"":""UOM Conversion Detail""}","","","{""name"":""b66guu8if1"",""owner"":""levonaghinyan77@gmail.com"",""creation"":""2026-04-27 18:50:21.425213"",""modified"":""2026-04-27 18:50:21.425213"",""modified_by"":""levonaghinyan77@gmail.com"",""docstatus"":0,""idx"":1,""company"":""InMED"",""default_warehouse"":""Stores - Inmed"",""parent"":""1101.3518"",""parentfield"":""item_defaults"",""parenttype"":""Item"",""doctype"":""Item Default""}","","","",""
"1101.3520","levonaghinyan77@gmail.com","2026-04-27 18:50:21.465948","2026-04-27 18:50:21.465948","levonaghinyan77@gmail.com","0","0","STO-ITEM-.YYYY.-","1101.3520","Cortex Screw  3.5*20mm","zmd screws","Nos","0","0","1","0","0","0","0","0.0","0.0","0.0","0.0","ZMD","","0.0","2099-12-31","Purchase","0.0","0","0","0","0","0","0","0","0","Item Attribute","0","0","0","0","0.0","0.0","1","0","0.0","0","0","1","1","0.0","0","0","1","0","0","0.0","","Item","{""name"":""b66u9i6psp"",""owner"":""levonaghinyan77@gmail.com"",""creation"":""2026-04-27 18:50:21.482162"",""modified"":""2026-04-27 18:50:21.482162"",""modified_by"":""levonaghinyan77@gmail.com"",""docstatus"":0,""idx"":1,""uom"":""Nos"",""conversion_factor"":1.0,""parent"":""1101.3520"",""parentfield"":""uoms"",""parenttype"":""Item"",""doctype"":""UOM Conversion Detail""}","","","{""name"":""b66vkok751"",""owner"":""levonaghinyan77@gmail.com"",""creation"":""2026-04-27 18:50:21.483585"",""modified"":""2026-04-27 18:50:21.483585"",""modified_by"":""levonaghinyan77@gmail.com"",""docstatus"":0,""idx"":1,""company"":""InMED"",""default_warehouse"":""Stores - Inmed"",""parent"":""1101.3520"",""parentfield"":""item_defaults"",""parenttype"":""Item"",""doctype"":""Item Default""}","","","",""
"1101.3522","levonaghinyan77@gmail.com","2026-04-27 18:50:21.510479","2026-04-27 18:50:21.510479","levonaghinyan77@gmail.com","0","0","STO-ITEM-.YYYY.-","1101.3522","Cortex Screw  3.5*22mm","zmd screws","Nos","0","0","1","0","0","0","0","0.0","0.0","0.0","0.0","ZMD","","0.0","2099-12-31","Purchase","0.0","0","0","0","0","0","0","0","0","Item Attribute","0","0","0","0","0.0","0.0","1","0","0.0","0","0","1","1","0.0","0","0","1","0","0","0.0","","Item","{""name"":""b672gsncmk"",""owner"":""levonaghinyan77@gmail.com"",""creation"":""2026-04-27 18:50:21.525295"",""modified"":""2026-04-27 18:50:21.525295"",""modified_by"":""levonaghinyan77@gmail.com"",""docstatus"":0,""idx"":1,""uom"":""Nos"",""conversion_factor"":1.0,""parent"":""1101.3522"",""parentfield"":""uoms"",""parenttype"":""Item"",""doctype"":""UOM Conversion Detail""}","","","{""name"":""b67r7smclq"",""owner"":""levonaghinyan77@gmail.com"",""creation"":""2026-04-27 18:50:21.526012"",""modified"":""2026-04-27 18:50:21.526012"",""modified_by"":""levonaghinyan77@gmail.com"",""docstatus"":0,""idx"":1,""company"":""InMED"",""default_warehouse"":""Stores - Inmed"",""parent"":""1101.3522"",""parentfield"":""item_defaults"",""parenttype"":""Item"",""doctype"":""Item Default""}","","","",""
"1101.3524","levonaghinyan77@gmail.com","2026-04-27 18:50:21.544531","2026-04-27 18:50:21.544531","levonaghinyan77@gmail.com","0","0","STO-ITEM-.YYYY.-","1101.3524","Cortex Screw  3.5*24mm","zmd screws","Nos","0","0","1","0","0","0","0","0.0","0.0","0.0","0.0","ZMD","","0.0","2099-12-31","Purchase","0.0","0","0","0","0","0","0","0","0","Item Attribute","0","0","0","0","0.0","0.0","1","0","0.0","0","0","1","1","0.0","0","0","1","0","0","0.0","","Item","{""name"":""b67n7t4l5e"",""owner"":""levonaghinyan77@gmail.com"",""creation"":""2026-04-27 18:50:21.554824"",""modified"":""2026-04-27 18:50:21.554824"",""modified_by"":""levonaghinyan77@gmail.com"",""docstatus"":0,""idx"":1,""uom"":""Nos"",""conversion_factor"":1.0,""parent"":""1101.3524"",""parentfield"":""uoms"",""parenttype"":""Item"",""doctype"":""UOM Conversion Detail""}","","","{""name"":""b67d6kt2dn"",""owner"":""levonaghinyan77@gmail.com"",""creation"":""2026-04-27 18:50:21.555682"",""modified"":""2026-04-27 18:50:21.555682"",""modified_by"":""levonaghinyan77@gmail.com"",""docstatus"":0,""idx"":1,""company"":""InMED"",""default_warehouse"":""Stores - Inmed"",""parent"":""1101.3524"",""parentfield"":""item_defaults"",""parenttype"":""Item"",""doctype"":""Item Default""}","","","",""
"1101.3526","levonaghinyan77@gmail.com","2026-04-27 18:50:21.577440","2026-04-27 18:50:21.577440","levonaghinyan77@gmail.com","0","0","STO-ITEM-.YYYY.-","1101.3526","Cortex Screw  3.5*26mm","zmd screws","Nos","0","0","1","0","0","0","0","0.0","0.0","0.0","0.0","ZMD","","0.0","2099-12-31","Purchase","0.0","0","0","0","0","0","0","0","0","Item Attribute","0","0","0","0","0.0","0.0","1","0","0.0","0","0","1","1","0.0","0","0","1","0","0","0.0","","Item","{""name"":""b67tr05hmr"",""owner"":""levonaghinyan77@gmail.com"",""creation"":""2026-04-27 18:50:21.596982"",""modified"":""2026-04-27 18:50:21.596982"",""modified_by"":""levonaghinyan77@gmail.com"",""docstatus"":0,""idx"":1,""uom"":""Nos"",""conversion_factor"":1.0,""parent"":""1101.3526"",""parentfield"":""uoms"",""parenttype"":""Item"",""doctype"":""UOM Conversion Detail""}","","","{""name"":""b677c9a0sf"",""owner"":""levonaghinyan77@gmail.com"",""creation"":""2026-04-27 18:50:21.599935"",""modified"":""2026-04-27 18:50:21.599935"",""modified_by"":""levonaghinyan77@gmail.com"",""docstatus"":0,""idx"":1,""company"":""InMED"",""default_warehouse"":""Stores - Inmed"",""parent"":""1101.3526"",""parentfield"":""item_defaults"",""parenttype"":""Item"",""doctype"":""Item Default""}","","","",""
"1101.3528","levonaghinyan77@gmail.com","2026-04-27 18:50:21.624743","2026-04-27 18:50:21.624743","levonaghinyan77@gmail.com","0","0","STO-ITEM-.YYYY.-","1101.3528","Cortex Screw  3.5*28mm","zmd screws","Nos","0","0","1","0","0","0","0","0.0","0.0","0.0","0.0","ZMD","","0.0","2099-12-31","Purchase","0.0","0","0","0","0","0","0","0","0","Item Attribute","0","0","0","0","0.0","0.0","1","0","0.0","0","0","1","1","0.0","0","0","1","0","0","0.0","","Item","{""name"":""b682aaeocs"",""owner"":""levonaghinyan77@gmail.com"",""creation"":""2026-04-27 18:50:21.640658"",""modified"":""2026-04-27 18:50:21.640658"",""modified_by"":""levonaghinyan77@gmail.com"",""docstatus"":0,""idx"":1,""uom"":""Nos"",""conversion_factor"":1.0,""parent"":""1101.3528"",""parentfield"":""uoms"",""parenttype"":""Item"",""doctype"":""UOM Conversion Detail""}","","","{""name"":""b68v1k5sr0"",""owner"":""levonaghinyan77@gmail.com"",""creation"":""2026-04-27 18:50:21.641758"",""modified"":""2026-04-27 18:50:21.641758"",""modified_by"":""levonaghinyan77@gmail.com"",""docstatus"":0,""idx"":1,""company"":""InMED"",""default_warehouse"":""Stores - Inmed"",""parent"":""1101.3528"",""parentfield"":""item_defaults"",""parenttype"":""Item"",""doctype"":""Item Default""}","","","",""
"1101.3530","levonaghinyan77@gmail.com","2026-04-27 18:50:21.665602","2026-04-27 18:50:21.665602","levonaghinyan77@gmail.com","0","0","STO-ITEM-.YYYY.-","1101.3530","Cortex Screw  3.5*30mm","zmd screws","Nos","0","0","1","0","0","0","0","0.0","0.0","0.0","0.0","ZMD","","0.0","2099-12-31","Purchase","0.0","0","0","0","0","0","0","0","0","Item Attribute","0","0","0","0","0.0","0.0","1","0","0.0","0","0","1","1","0.0","0","0","1","0","0","0.0","","Item","{""name"":""b684stm1gp"",""owner"":""levonaghinyan77@gmail.com"",""creation"":""2026-04-27 18:50:21.685616"",""modified"":""2026-04-27 18:50:21.685616"",""modified_by"":""levonaghinyan77@gmail.com"",""docstatus"":0,""idx"":1,""uom"":""Nos"",""conversion_factor"":1.0,""parent"":""1101.3530"",""parentfield"":""uoms"",""parenttype"":""Item"",""doctype"":""UOM Conversion Detail""}","","","{""name"":""b68io0pjgi"",""owner"":""levonaghinyan77@gmail.com"",""creation"":""2026-04-27 18:50:21.687059"",""modified"":""2026-04-27 18:50:21.687059"",""modified_by"":""levonaghinyan77@gmail.com"",""docstatus"":0,""idx"":1,""company"":""InMED"",""default_warehouse"":""Stores - Inmed"",""parent"":""1101.3530"",""parentfield"":""item_defaults"",""parenttype"":""Item"",""doctype"":""Item Default""}","","","",""
"1101.3532","levonaghinyan77@gmail.com","2026-04-27 18:50:21.725974","2026-04-27 18:50:21.725974","levonaghinyan77@gmail.com","0","0","STO-ITEM-.YYYY.-","1101.3532","Cortex Screw  3.5*32mm","zmd screws","Nos","0","0","1","0","0","0","0","0.0","0.0","0.0","0.0","ZMD","","0.0","2099-12-31","Purchase","0.0","0","0","0","0","0","0","0","0","Item Attribute","0","0","0","0","0.0","0.0","1","0","0.0","0","0","1","1","0.0","0","0","1","0","0","0.0","","Item","{""name"":""b696cuhsje"",""owner"":""levonaghinyan77@gmail.com"",""creation"":""2026-04-27 18:50:21.738525"",""modified"":""2026-04-27 18:50:21.738525"",""modified_by"":""levonaghinyan77@gmail.com"",""docstatus"":0,""idx"":1,""uom"":""Nos"",""conversion_factor"":1.0,""parent"":""1101.3532"",""parentfield"":""uoms"",""parenttype"":""Item"",""doctype"":""UOM Conversion Detail""}","","","{""name"":""b69phdnedf"",""owner"":""levonaghinyan77@gmail.com"",""creation"":""2026-04-27 18:50:21.739989"",""modified"":""2026-04-27 18:50:21.739989"",""modified_by"":""levonaghinyan77@gmail.com"",""docstatus"":0,""idx"":1,""company"":""InMED"",""default_warehouse"":""Stores - Inmed"",""parent"":""1101.3532"",""parentfield"":""item_defaults"",""parenttype"":""Item"",""doctype"":""Item Default""}","","","",""
"1101.3540","levonaghinyan77@gmail.com","2026-04-27 18:50:21.754004","2026-04-27 18:50:21.754004","levonaghinyan77@gmail.com","0","0","STO-ITEM-.YYYY.-","1101.3540","Cortex Screw  3.5*40mm","zmd screws","Nos","0","0","1","0","0","0","0","0.0","0.0","0.0","0.0","ZMD","","0.0","2099-12-31","Purchase","0.0","0","0","0","0","0","0","0","0","Item Attribute","0","0","0","0","0.0","0.0","1","0","0.0","0","0","1","1","0.0","0","0","1","0","0","0.0","","Item","{""name"":""b69b7ru2j2"",""owner"":""levonaghinyan77@gmail.com"",""creation"":""2026-04-27 18:50:21.763276"",""modified"":""2026-04-27 18:50:21.763276"",""modified_by"":""levonaghinyan77@gmail.com"",""docstatus"":0,""idx"":1,""uom"":""Nos"",""conversion_factor"":1.0,""parent"":""1101.3540"",""parentfield"":""uoms"",""parenttype"":""Item"",""doctype"":""UOM Conversion Detail""}","","","{""name"":""b69ol9h9k7"",""owner"":""levonaghinyan77@gmail.com"",""creation"":""2026-04-27 18:50:21.764092"",""modified"":""2026-04-27 18:50:21.764092"",""modified_by"":""levonaghinyan77@gmail.com"",""docstatus"":0,""idx"":1,""company"":""InMED"",""default_warehouse"":""Stores - Inmed"",""parent"":""1101.3540"",""parentfield"":""item_defaults"",""parenttype"":""Item"",""doctype"":""Item Default""}","","","",""
"1101.3550","levonaghinyan77@gmail.com","2026-04-27 18:50:21.788978","2026-04-27 18:50:21.788978","levonaghinyan77@gmail.com","0","0","STO-ITEM-.YYYY.-","1101.3550","Cortex Screw  3.5*50mm","zmd screws","Nos","0","0","1","0","0","0","0","0.0","0.0","0.0","0.0","ZMD","","0.0","2099-12-31","Purchase","0.0","0","0","0","0","0","0","0","0","Item Attribute","0","0","0","0","0.0","0.0","1","0","0.0","0","0","1","1","0.0","0","0","1","0","0","0.0","","Item","{""name"":""b6a7ij0qji"",""owner"":""levonaghinyan77@gmail.com"",""creation"":""2026-04-27 18:50:21.808164"",""modified"":""2026-04-27 18:50:21.808164"",""modified_by"":""levonaghinyan77@gmail.com"",""docstatus"":0,""idx"":1,""uom"":""Nos"",""conversion_factor"":1.0,""parent"":""1101.3550"",""parentfield"":""uoms"",""parenttype"":""Item"",""doctype"":""UOM Conversion Detail""}","","","{""name"":""b6a4t56uqo"",""owner"":""levonaghinyan77@gmail.com"",""creation"":""2026-04-27 18:50:21.815044"",""modified"":""2026-04-27 18:50:21.815044"",""modified_by"":""levonaghinyan77@gmail.com"",""docstatus"":0,""idx"":1,""company"":""InMED"",""default_warehouse"":""Stores - Inmed"",""parent"":""1101.3550"",""parentfield"":""item_defaults"",""parenttype"":""Item"",""doctype"":""Item Default""}","","","",""
"1113.1804","levonaghinyan77@gmail.com","2026-04-27 18:50:28.620667","2026-04-27 18:50:28.620667","levonaghinyan77@gmail.com","0","0","STO-ITEM-.YYYY.-","1113.1804","Fibula Distal Plate
 4 Holes","zmd plates","Nos","0","0","1","0","0","0","0","0.0","0.0","0.0","0.0","ZMD","","0.0","2099-12-31","Purchase","0.0","0","0","0","0","0","0","0","0","Item Attribute","0","0","0","0","0.0","0.0","1","0","0.0","0","0","1","1","0.0","0","0","1","0","0","0.0","","Item","{""name"":""b8el1i34qr"",""owner"":""levonaghinyan77@gmail.com"",""creation"":""2026-04-27 18:50:28.639796"",""modified"":""2026-04-27 18:50:28.639796"",""modified_by"":""levonaghinyan77@gmail.com"",""docstatus"":0,""idx"":1,""uom"":""Nos"",""conversion_factor"":1.0,""parent"":""1113.1804"",""parentfield"":""uoms"",""parenttype"":""Item"",""doctype"":""UOM Conversion Detail""}","","","{""name"":""b8e65bcj77"",""owner"":""levonaghinyan77@gmail.com"",""creation"":""2026-04-27 18:50:28.641625"",""modified"":""2026-04-27 18:50:28.641625"",""modified_by"":""levonaghinyan77@gmail.com"",""docstatus"":0,""idx"":1,""company"":""InMED"",""default_warehouse"":""Stores - Inmed"",""parent"":""1113.1804"",""parentfield"":""item_defaults"",""parenttype"":""Item"",""doctype"":""Item Default""}","","","",""
"1113.1805","levonaghinyan77@gmail.com","2026-04-27 18:50:28.671209","2026-04-27 18:50:28.671209","levonaghinyan77@gmail.com","0","0","STO-ITEM-.YYYY.-","1113.1805","Fibula Distal Plate  5 Holes","zmd plates","Nos","0","0","1","0","0","0","0","0.0","0.0","0.0","0.0","ZMD","","0.0","2099-12-31","Purchase","0.0","0","0","0","0","0","0","0","0","Item Attribute","0","0","0","0","0.0","0.0","1","0","0.0","0","0","1","1","0.0","0","0","1","0","0","0.0","","Item","{""name"":""b8edaikv98"",""owner"":""levonaghinyan77@gmail.com"",""creation"":""2026-04-27 18:50:28.687597"",""modified"":""2026-04-27 18:50:28.687597"",""modified_by"":""levonaghinyan77@gmail.com"",""docstatus"":0,""idx"":1,""uom"":""Nos"",""conversion_factor"":1.0,""parent"":""1113.1805"",""parentfield"":""uoms"",""parenttype"":""Item"",""doctype"":""UOM Conversion Detail""}","","","{""name"":""b8et68q8ka"",""owner"":""levonaghinyan77@gmail.com"",""creation"":""2026-04-27 18:50:28.689137"",""modified"":""2026-04-27 18:50:28.689137"",""modified_by"":""levonaghinyan77@gmail.com"",""docstatus"":0,""idx"":1,""company"":""InMED"",""default_warehouse"":""Stores - Inmed"",""parent"":""1113.1805"",""parentfield"":""item_defaults"",""parenttype"":""Item"",""doctype"":""Item Default""}","","","",""
"1113.1806","levonaghinyan77@gmail.com","2026-04-27 18:50:28.719772","2026-04-27 18:50:28.719772","levonaghinyan77@gmail.com","0","0","STO-ITEM-.YYYY.-","1113.1806","Fibula Distal Plate  6 Holes","zmd plates","Nos","0","0","1","0","0","0","0","0.0","0.0","0.0","0.0","ZMD","","0.0","2099-12-31","Purchase","0.0","0","0","0","0","0","0","0","0","Item Attribute","0","0","0","0","0.0","0.0","1","0","0.0","0","0","1","1","0.0","0","0","1","0","0","0.0","","Item","{""name"":""b8fjqlqkib"",""owner"":""levonaghinyan77@gmail.com"",""creation"":""2026-04-27 18:50:28.745453"",""modified"":""2026-04-27 18:50:28.745453"",""modified_by"":""levonaghinyan77@gmail.com"",""docstatus"":0,""idx"":1,""uom"":""Nos"",""conversion_factor"":1.0,""parent"":""1113.1806"",""parentfield"":""uoms"",""parenttype"":""Item"",""doctype"":""UOM Conversion Detail""}","","","{""name"":""b8frctv0la"",""owner"":""levonaghinyan77@gmail.com"",""creation"":""2026-04-27 18:50:28.746657"",""modified"":""2026-04-27 18:50:28.746657"",""modified_by"":""levonaghinyan77@gmail.com"",""docstatus"":0,""idx"":1,""company"":""InMED"",""default_warehouse"":""Stores - Inmed"",""parent"":""1113.1806"",""parentfield"":""item_defaults"",""parenttype"":""Item"",""doctype"":""Item Default""}","","","",""
"1113.1807","levonaghinyan77@gmail.com","2026-04-27 18:50:28.782589","2026-04-27 18:50:28.782589","levonaghinyan77@gmail.com","0","0","STO-ITEM-.YYYY.-","1113.1807","Fibula Distal Plate  7 Holes","zmd plates","Nos","0","0","1","0","0","0","0","0.0","0.0","0.0","0.0","ZMD","","0.0","2099-12-31","Purchase","0.0","0","0","0","0","0","0","0","0","Item Attribute","0","0","0","0","0.0","0.0","1","0","0.0","0","0","1","1","0.0","0","0","1","0","0","0.0","","Item","{""name"":""b8g5rkajmj"",""owner"":""levonaghinyan77@gmail.com"",""creation"":""2026-04-27 18:50:28.808456"",""modified"":""2026-04-27 18:50:28.808456"",""modified_by"":""levonaghinyan77@gmail.com"",""docstatus"":0,""idx"":1,""uom"":""Nos"",""conversion_factor"":1.0,""parent"":""1113.1807"",""parentfield"":""uoms"",""parenttype"":""Item"",""doctype"":""UOM Conversion Detail""}","","","{""name"":""b8g63ko6ad"",""owner"":""levonaghinyan77@gmail.com"",""creation"":""2026-04-27 18:50:28.811094"",""modified"":""2026-04-27 18:50:28.811094"",""modified_by"":""levonaghinyan77@gmail.com"",""docstatus"":0,""idx"":1,""company"":""InMED"",""default_warehouse"":""Stores - Inmed"",""parent"":""1113.1807"",""parentfield"":""item_defaults"",""parenttype"":""Item"",""doctype"":""Item Default""}","","","",""
"1113.1808","levonaghinyan77@gmail.com","2026-04-27 18:50:28.861268","2026-04-27 18:50:28.861268","levonaghinyan77@gmail.com","0","0","STO-ITEM-.YYYY.-","1113.1808","Fibula Distal Plate  8 Holes","zmd plates","Nos","0","0","1","0","0","0","0","0.0","0.0","0.0","0.0","ZMD","","0.0","2099-12-31","Purchase","0.0","0","0","0","0","0","0","0","0","Item Attribute","0","0","0","0","0.0","0.0","1","0","0.0","0","0","1","1","0.0","0","0","1","0","0","0.0","","Item","{""name"":""b8gd837afh"",""owner"":""levonaghinyan77@gmail.com"",""creation"":""2026-04-27 18:50:28.882815"",""modified"":""2026-04-27 18:50:28.882815"",""modified_by"":""levonaghinyan77@gmail.com"",""docstatus"":0,""idx"":1,""uom"":""Nos"",""conversion_factor"":1.0,""parent"":""1113.1808"",""parentfield"":""uoms"",""parenttype"":""Item"",""doctype"":""UOM Conversion Detail""}","","","{""name"":""b8g45buihg"",""owner"":""levonaghinyan77@gmail.com"",""creation"":""2026-04-27 18:50:28.885062"",""modified"":""2026-04-27 18:50:28.885062"",""modified_by"":""levonaghinyan77@gmail.com"",""docstatus"":0,""idx"":1,""company"":""InMED"",""default_warehouse"":""Stores - Inmed"",""parent"":""1113.1808"",""parentfield"":""item_defaults"",""parenttype"":""Item"",""doctype"":""Item Default""}","","","",""
"1113.4006","levonaghinyan77@gmail.com","2026-04-27 18:50:19.797057","2026-04-27 18:50:19.797057","levonaghinyan77@gmail.com","0","0","STO-ITEM-.YYYY.-","1113.4006","Straight Bone Plate for Metacarpal  6 Holes","zmd plates","Nos","0","0","1","0","0","0","0","0.0","0.0","0.0","0.0","ZMD","","0.0","2099-12-31","Purchase","0.0","0","0","0","0","0","0","0","0","Item Attribute","0","0","0","0","0.0","0.0","1","0","0.0","0","0","1","1","0.0","0","0","1","0","0","0.0","","Item","{""name"":""b5mncrhk0o"",""owner"":""levonaghinyan77@gmail.com"",""creation"":""2026-04-27 18:50:19.813281"",""modified"":""2026-04-27 18:50:19.813281"",""modified_by"":""levonaghinyan77@gmail.com"",""docstatus"":0,""idx"":1,""uom"":""Nos"",""conversion_factor"":1.0,""parent"":""1113.4006"",""parentfield"":""uoms"",""parenttype"":""Item"",""doctype"":""UOM Conversion Detail""}","","","{""name"":""b5mhajq50o"",""owner"":""levonaghinyan77@gmail.com"",""creation"":""2026-04-27 18:50:19.814292"",""modified"":""2026-04-27 18:50:19.814292"",""modified_by"":""levonaghinyan77@gmail.com"",""docstatus"":0,""idx"":1,""company"":""InMED"",""default_warehouse"":""Stores - Inmed"",""parent"":""1113.4006"",""parentfield"":""item_defaults"",""parenttype"":""Item"",""doctype"":""Item Default""}","","","",""
"1113.4104","levonaghinyan77@gmail.com","2026-04-27 18:50:19.837650","2026-04-27 18:50:19.837650","levonaghinyan77@gmail.com","0","0","STO-ITEM-.YYYY.-","1113.4104","T-Plate for Metacarpal
 4 Holes","zmd plates","Nos","0","0","1","0","0","0","0","0.0","0.0","0.0","0.0","ZMD","","0.0","2099-12-31","Purchase","0.0","0","0","0","0","0","0","0","0","Item Attribute","0","0","0","0","0.0","0.0","1","0","0.0","0","0","1","1","0.0","0","0","1","0","0","0.0","","Item","{""name"":""b5m71149a8"",""owner"":""levonaghinyan77@gmail.com"",""creation"":""2026-04-27 18:50:19.848973"",""modified"":""2026-04-27 18:50:19.848973"",""modified_by"":""levonaghinyan77@gmail.com"",""docstatus"":0,""idx"":1,""uom"":""Nos"",""conversion_factor"":1.0,""parent"":""1113.4104"",""parentfield"":""uoms"",""parenttype"":""Item"",""doctype"":""UOM Conversion Detail""}","","","{""name"":""b5mer0fcjm"",""owner"":""levonaghinyan77@gmail.com"",""creation"":""2026-04-27 18:50:19.849603"",""modified"":""2026-04-27 18:50:19.849603"",""modified_by"":""levonaghinyan77@gmail.com"",""docstatus"":0,""idx"":1,""company"":""InMED"",""default_warehouse"":""Stores - Inmed"",""parent"":""1113.4104"",""parentfield"":""item_defaults"",""parenttype"":""Item"",""doctype"":""Item Default""}","","","",""
