"name","owner","creation","modified","modified_by","docstatus","idx","uom_name","enabled","must_be_whole_number","doctype"
"Abampere","Administrator","2026-04-19 23:12:12.724188","2026-04-19 23:12:12.724188","Administrator","0","0","Abampere","1","0","UOM"
"Acre","Administrator","2026-04-19 23:12:12.731095","2026-04-19 23:12:12.731095","Administrator","0","0","Acre","1","0","UOM"
"Acre (US)","Administrator","2026-04-19 23:12:12.734668","2026-04-19 23:12:12.734668","Administrator","0","0","Acre (US)","1","0","UOM"
"Ampere","Administrator","2026-04-19 23:12:12.737797","2026-04-19 23:12:12.737797","Administrator","0","0","Ampere","1","0","UOM"
"Ampere-Hour","Administrator","2026-04-19 23:12:12.739925","2026-04-19 23:12:12.739925","Administrator","0","0","Ampere-Hour","1","0","UOM"
"Ampere-Minute","Administrator","2026-04-19 23:12:12.742289","2026-04-19 23:12:12.742289","Administrator","0","0","Ampere-Minute","1","0","UOM"
"Ampere-Second","Administrator","2026-04-19 23:12:12.744145","2026-04-19 23:12:12.744145","Administrator","0","0","Ampere-Second","1","0","UOM"
"Are","Administrator","2026-04-19 23:12:12.746002","2026-04-19 23:12:12.746002","Administrator","0","0","Are","1","0","UOM"
"Area","Administrator","2026-04-19 23:12:12.747844","2026-04-19 23:12:12.747844","Administrator","0","0","Area","1","0","UOM"
"Arshin","Administrator","2026-04-19 23:12:12.750025","2026-04-19 23:12:12.750025","Administrator","0","0","Arshin","1","0","UOM"
"Atmosphere","Administrator","2026-04-19 23:12:12.752409","2026-04-19 23:12:12.752409","Administrator","0","0","Atmosphere","1","0","UOM"
"Bar","Administrator","2026-04-19 23:12:12.754808","2026-04-19 23:12:12.754808","Administrator","0","0","Bar","1","0","UOM"
"Barleycorn","Administrator","2026-04-19 23:12:12.757170","2026-04-19 23:12:12.757170","Administrator","0","0","Barleycorn","1","0","UOM"
"Barrel (Oil)","Administrator","2026-04-19 23:12:12.759493","2026-04-19 23:12:12.759493","Administrator","0","0","Barrel (Oil)","1","0","UOM"
"Barrel(Beer)","Administrator","2026-04-19 23:12:12.762489","2026-04-19 23:12:12.762489","Administrator","0","0","Barrel(Beer)","1","0","UOM"
"Biot","Administrator","2026-04-19 23:12:12.765212","2026-04-19 23:12:12.765212","Administrator","0","0","Biot","1","0","UOM"
"Box","Administrator","2026-04-19 23:12:12.767914","2026-04-19 23:12:12.767914","Administrator","0","0","Box","1","1","UOM"
"Btu (It)","Administrator","2026-04-19 23:12:12.770753","2026-04-19 23:12:12.770753","Administrator","0","0","Btu (It)","1","0","UOM"
"Btu (Mean)","Administrator","2026-04-19 23:12:12.774158","2026-04-19 23:12:12.774158","Administrator","0","0","Btu (Mean)","1","0","UOM"
"Btu (Th)","Administrator","2026-04-19 23:12:12.777988","2026-04-19 23:12:12.777988","Administrator","0","0","Btu (Th)","1","0","UOM"
"Btu/Hour","Administrator","2026-04-19 23:12:12.781798","2026-04-19 23:12:12.781798","Administrator","0","0","Btu/Hour","1","0","UOM"
"Btu/Minutes","Administrator","2026-04-19 23:12:12.785923","2026-04-19 23:12:12.785923","Administrator","0","0","Btu/Minutes","1","0","UOM"
"Btu/Seconds","Administrator","2026-04-19 23:12:12.789898","2026-04-19 23:12:12.789898","Administrator","0","0","Btu/Seconds","1","0","UOM"
"Bushel (UK)","Administrator","2026-04-19 23:12:12.793672","2026-04-19 23:12:12.793672","Administrator","0","0","Bushel (UK)","1","0","UOM"
"Bushel (US Dry Level)","Administrator","2026-04-19 23:12:12.797749","2026-04-19 23:12:12.797749","Administrator","0","0","Bushel (US Dry Level)","1","0","UOM"
"Caballeria","Administrator","2026-04-19 23:12:12.802485","2026-04-19 23:12:12.802485","Administrator","0","0","Caballeria","1","0","UOM"
"Cable Length","Administrator","2026-04-19 23:12:12.806711","2026-04-19 23:12:12.806711","Administrator","0","0","Cable Length","1","0","UOM"
"Cable Length (UK)","Administrator","2026-04-19 23:12:12.809558","2026-04-19 23:12:12.809558","Administrator","0","0","Cable Length (UK)","1","0","UOM"
"Cable Length (US)","Administrator","2026-04-19 23:12:12.813047","2026-04-19 23:12:12.813047","Administrator","0","0","Cable Length (US)","1","0","UOM"
"Calibre","Administrator","2026-04-19 23:12:12.815795","2026-04-19 23:12:12.815795","Administrator","0","0","Calibre","1","0","UOM"
"Calorie (Food)","Administrator","2026-04-19 23:12:12.818851","2026-04-19 23:12:12.818851","Administrator","0","0","Calorie (Food)","1","0","UOM"
"Calorie (It)","Administrator","2026-04-19 23:12:12.821418","2026-04-19 23:12:12.821418","Administrator","0","0","Calorie (It)","1","0","UOM"
"Calorie (Mean)","Administrator","2026-04-19 23:12:12.823974","2026-04-19 23:12:12.823974","Administrator","0","0","Calorie (Mean)","1","0","UOM"
"Calorie (Th)","Administrator","2026-04-19 23:12:12.826391","2026-04-19 23:12:12.826391","Administrator","0","0","Calorie (Th)","1","0","UOM"
"Calorie/Seconds","Administrator","2026-04-19 23:12:12.828475","2026-04-19 23:12:12.828475","Administrator","0","0","Calorie/Seconds","1","0","UOM"
"Carat","Administrator","2026-04-19 23:12:12.830935","2026-04-19 23:12:12.830935","Administrator","0","0","Carat","1","0","UOM"
"Celsius","Administrator","2026-04-19 23:12:12.833050","2026-04-19 23:12:12.833050","Administrator","0","0","Celsius","1","0","UOM"
"Cental","Administrator","2026-04-19 23:12:12.835184","2026-04-19 23:12:12.835184","Administrator","0","0","Cental","1","0","UOM"
"Centiarea","Administrator","2026-04-19 23:12:12.837238","2026-04-19 23:12:12.837238","Administrator","0","0","Centiarea","1","0","UOM"
"Centigram/Litre","Administrator","2026-04-19 23:12:12.839160","2026-04-19 23:12:12.839160","Administrator","0","0","Centigram/Litre","1","0","UOM"
"Centilitre","Administrator","2026-04-19 23:12:12.840916","2026-04-19 23:12:12.840916","Administrator","0","0","Centilitre","1","0","UOM"
"Centimeter","Administrator","2026-04-19 23:12:12.842631","2026-04-19 23:12:12.842631","Administrator","0","0","Centimeter","1","0","UOM"
"Chain","Administrator","2026-04-19 23:12:12.844421","2026-04-19 23:12:12.844421","Administrator","0","0","Chain","1","0","UOM"
"Coulomb","Administrator","2026-04-19 23:12:12.846322","2026-04-19 23:12:12.846322","Administrator","0","0","Coulomb","1","0","UOM"
"Cubic Centimeter","Administrator","2026-04-19 23:12:12.848092","2026-04-19 23:12:12.848092","Administrator","0","0","Cubic Centimeter","1","0","UOM"
"Cubic Decimeter","Administrator","2026-04-19 23:12:12.849970","2026-04-19 23:12:12.849970","Administrator","0","0","Cubic Decimeter","1","0","UOM"
"Cubic Foot","Administrator","2026-04-19 23:12:12.852238","2026-04-19 23:12:12.852238","Administrator","0","0","Cubic Foot","1","0","UOM"
"Cubic Inch","Administrator","2026-04-19 23:12:12.854217","2026-04-19 23:12:12.854217","Administrator","0","0","Cubic Inch","1","0","UOM"
"Cubic Meter","Administrator","2026-04-19 23:12:12.856433","2026-04-19 23:12:12.856433","Administrator","0","0","Cubic Meter","1","0","UOM"
"Cubic Millimeter","Administrator","2026-04-19 23:12:12.858647","2026-04-19 23:12:12.858647","Administrator","0","0","Cubic Millimeter","1","0","UOM"
"Cubic Yard","Administrator","2026-04-19 23:12:12.860582","2026-04-19 23:12:12.860582","Administrator","0","0","Cubic Yard","1","0","UOM"
"Cup","Administrator","2026-04-19 23:12:12.862438","2026-04-19 23:12:12.862438","Administrator","0","0","Cup","1","0","UOM"
"Cycle/Second","Administrator","2026-04-19 23:12:12.864322","2026-04-19 23:12:12.864322","Administrator","0","0","Cycle/Second","1","0","UOM"
"Day","Administrator","2026-04-19 23:12:12.866188","2026-04-19 23:12:12.866188","Administrator","0","0","Day","1","0","UOM"
"Decigram/Litre","Administrator","2026-04-19 23:12:12.868103","2026-04-19 23:12:12.868103","Administrator","0","0","Decigram/Litre","1","0","UOM"
"Decilitre","Administrator","2026-04-19 23:12:12.870877","2026-04-19 23:12:12.870877","Administrator","0","0","Decilitre","1","0","UOM"
"Decimeter","Administrator","2026-04-19 23:12:12.872812","2026-04-19 23:12:12.872812","Administrator","0","0","Decimeter","1","0","UOM"
"Dekagram/Litre","Administrator","2026-04-19 23:12:12.875073","2026-04-19 23:12:12.875073","Administrator","0","0","Dekagram/Litre","1","0","UOM"
"Dram","Administrator","2026-04-19 23:12:12.877653","2026-04-19 23:12:12.877653","Administrator","0","0","Dram","1","0","UOM"
"Dyne","Administrator","2026-04-19 23:12:12.880061","2026-04-19 23:12:12.880061","Administrator","0","0","Dyne","1","0","UOM"
"EMU Of Charge","Administrator","2026-04-19 23:12:12.882720","2026-04-19 23:12:12.882720","Administrator","0","0","EMU Of Charge","1","0","UOM"
"EMU of current","Administrator","2026-04-19 23:12:12.884812","2026-04-19 23:12:12.884812","Administrator","0","0","EMU of current","1","0","UOM"
"Ells (UK)","Administrator","2026-04-19 23:12:12.886790","2026-04-19 23:12:12.886790","Administrator","0","0","Ells (UK)","1","0","UOM"
"Ems(Pica)","Administrator","2026-04-19 23:12:12.889110","2026-04-19 23:12:12.889110","Administrator","0","0","Ems(Pica)","1","0","UOM"
"Erg","Administrator","2026-04-19 23:12:12.903755","2026-04-19 23:12:12.903755","Administrator","0","0","Erg","1","0","UOM"
"Fahrenheit","Administrator","2026-04-19 23:12:12.909315","2026-04-19 23:12:12.909315","Administrator","0","0","Fahrenheit","1","0","UOM"
"Faraday","Administrator","2026-04-19 23:12:12.913650","2026-04-19 23:12:12.913650","Administrator","0","0","Faraday","1","0","UOM"
"Fathom","Administrator","2026-04-19 23:12:12.916940","2026-04-19 23:12:12.916940","Administrator","0","0","Fathom","1","0","UOM"
"Fluid Ounce (UK)","Administrator","2026-04-19 23:12:12.920492","2026-04-19 23:12:12.920492","Administrator","0","0","Fluid Ounce (UK)","1","0","UOM"
"Fluid Ounce (US)","Administrator","2026-04-19 23:12:12.926528","2026-04-19 23:12:12.926528","Administrator","0","0","Fluid Ounce (US)","1","0","UOM"
"Foot","Administrator","2026-04-19 23:12:12.929970","2026-04-19 23:12:12.929970","Administrator","0","0","Foot","1","0","UOM"
"Foot Of Water","Administrator","2026-04-19 23:12:12.933258","2026-04-19 23:12:12.933258","Administrator","0","0","Foot Of Water","1","0","UOM"
"Foot/Minute","Administrator","2026-04-19 23:12:12.936725","2026-04-19 23:12:12.936725","Administrator","0","0","Foot/Minute","1","0","UOM"
"Foot/Second","Administrator","2026-04-19 23:12:12.940815","2026-04-19 23:12:12.940815","Administrator","0","0","Foot/Second","1","0","UOM"
"Furlong","Administrator","2026-04-19 23:12:12.944893","2026-04-19 23:12:12.944893","Administrator","0","0","Furlong","1","0","UOM"
"Gallon (UK)","Administrator","2026-04-19 23:12:12.947686","2026-04-19 23:12:12.947686","Administrator","0","0","Gallon (UK)","1","0","UOM"
"Gallon Dry (US)","Administrator","2026-04-19 23:12:12.950652","2026-04-19 23:12:12.950652","Administrator","0","0","Gallon Dry (US)","1","0","UOM"
"Gallon Liquid (US)","Administrator","2026-04-19 23:12:12.955439","2026-04-19 23:12:12.955439","Administrator","0","0","Gallon Liquid (US)","1","0","UOM"
"Gamma","Administrator","2026-04-19 23:12:12.960353","2026-04-19 23:12:12.960353","Administrator","0","0","Gamma","1","0","UOM"
"Gauss","Administrator","2026-04-19 23:12:12.963827","2026-04-19 23:12:12.963827","Administrator","0","0","Gauss","1","0","UOM"
"Grain","Administrator","2026-04-19 23:12:12.966835","2026-04-19 23:12:12.966835","Administrator","0","0","Grain","1","0","UOM"
"Grain/Cubic Foot","Administrator","2026-04-19 23:12:12.971616","2026-04-19 23:12:12.971616","Administrator","0","0","Grain/Cubic Foot","1","0","UOM"
"Grain/Gallon (UK)","Administrator","2026-04-19 23:12:12.974784","2026-04-19 23:12:12.974784","Administrator","0","0","Grain/Gallon (UK)","1","0","UOM"
"Grain/Gallon (US)","Administrator","2026-04-19 23:12:12.977560","2026-04-19 23:12:12.977560","Administrator","0","0","Grain/Gallon (US)","1","0","UOM"
"Gram","Administrator","2026-04-19 23:12:12.980227","2026-04-19 23:12:12.980227","Administrator","0","0","Gram","1","0","UOM"
"Gram-Force","Administrator","2026-04-19 23:12:12.983292","2026-04-19 23:12:12.983292","Administrator","0","0","Gram-Force","1","0","UOM"
"Gram/Cubic Centimeter","Administrator","2026-04-19 23:12:12.986934","2026-04-19 23:12:12.986934","Administrator","0","0","Gram/Cubic Centimeter","1","0","UOM"
"Gram/Cubic Meter","Administrator","2026-04-19 23:12:12.989519","2026-04-19 23:12:12.989519","Administrator","0","0","Gram/Cubic Meter","1","0","UOM"
"Gram/Cubic Millimeter","Administrator","2026-04-19 23:12:12.991915","2026-04-19 23:12:12.991915","Administrator","0","0","Gram/Cubic Millimeter","1","0","UOM"
"Gram/Litre","Administrator","2026-04-19 23:12:12.994219","2026-04-19 23:12:12.994219","Administrator","0","0","Gram/Litre","1","0","UOM"
"Hand","Administrator","2026-04-19 23:12:12.998465","2026-04-19 23:12:12.998465","Administrator","0","0","Hand","1","0","UOM"
"Hectare","Administrator","2026-04-19 23:12:13.001633","2026-04-19 23:12:13.001633","Administrator","0","0","Hectare","1","0","UOM"
"Hectogram/Litre","Administrator","2026-04-19 23:12:13.003719","2026-04-19 23:12:13.003719","Administrator","0","0","Hectogram/Litre","1","0","UOM"
"Hectometer","Administrator","2026-04-19 23:12:13.007234","2026-04-19 23:12:13.007234","Administrator","0","0","Hectometer","1","0","UOM"
"Hectopascal","Administrator","2026-04-19 23:12:13.009956","2026-04-19 23:12:13.009956","Administrator","0","0","Hectopascal","1","0","UOM"
"Hertz","Administrator","2026-04-19 23:12:13.013769","2026-04-19 23:12:13.013769","Administrator","0","0","Hertz","1","0","UOM"
"Horsepower","Administrator","2026-04-19 23:12:13.016567","2026-04-19 23:12:13.016567","Administrator","0","0","Horsepower","1","0","UOM"
"Horsepower-Hours","Administrator","2026-04-19 23:12:13.018993","2026-04-19 23:12:13.018993","Administrator","0","0","Horsepower-Hours","1","0","UOM"
"Hour","Administrator","2026-04-19 23:12:13.022683","2026-04-19 23:12:13.022683","Administrator","0","0","Hour","1","0","UOM"
"Hundredweight (UK)","Administrator","2026-04-19 23:12:13.027843","2026-04-19 23:12:13.027843","Administrator","0","0","Hundredweight (UK)","1","0","UOM"
"Hundredweight (US)","Administrator","2026-04-19 23:12:13.033247","2026-04-19 23:12:13.033247","Administrator","0","0","Hundredweight (US)","1","0","UOM"
"Iches Of Water","Administrator","2026-04-19 23:12:13.037812","2026-04-19 23:12:13.037812","Administrator","0","0","Iches Of Water","1","0","UOM"
"Inch","Administrator","2026-04-19 23:12:13.044087","2026-04-19 23:12:13.044087","Administrator","0","0","Inch","1","0","UOM"
"Inch Pound-Force","Administrator","2026-04-19 23:12:13.048716","2026-04-19 23:12:13.048716","Administrator","0","0","Inch Pound-Force","1","0","UOM"
"Inch/Minute","Administrator","2026-04-19 23:12:13.053815","2026-04-19 23:12:13.053815","Administrator","0","0","Inch/Minute","1","0","UOM"
"Inch/Second","Administrator","2026-04-19 23:12:13.062840","2026-04-19 23:12:13.062840","Administrator","0","0","Inch/Second","1","0","UOM"
"Inches Of Mercury","Administrator","2026-04-19 23:12:13.068978","2026-04-19 23:12:13.068978","Administrator","0","0","Inches Of Mercury","1","0","UOM"
"Joule","Administrator","2026-04-19 23:12:13.075220","2026-04-19 23:12:13.075220","Administrator","0","0","Joule","1","0","UOM"
"Joule/Meter","Administrator","2026-04-19 23:12:13.079811","2026-04-19 23:12:13.079811","Administrator","0","0","Joule/Meter","1","0","UOM"
"Kelvin","Administrator","2026-04-19 23:12:13.084859","2026-04-19 23:12:13.084859","Administrator","0","0","Kelvin","1","0","UOM"
"Kg","Administrator","2026-04-19 23:12:13.093319","2026-04-19 23:12:13.093319","Administrator","0","0","Kg","1","0","UOM"
"Kiloampere","Administrator","2026-04-19 23:12:13.100523","2026-04-19 23:12:13.100523","Administrator","0","0","Kiloampere","1","0","UOM"
"Kilocalorie","Administrator","2026-04-19 23:12:13.106396","2026-04-19 23:12:13.106396","Administrator","0","0","Kilocalorie","1","0","UOM"
"Kilocoulomb","Administrator","2026-04-19 23:12:13.111740","2026-04-19 23:12:13.111740","Administrator","0","0","Kilocoulomb","1","0","UOM"
"Kilogram-Force","Administrator","2026-04-19 23:12:13.119209","2026-04-19 23:12:13.119209","Administrator","0","0","Kilogram-Force","1","0","UOM"
"Kilogram/Cubic Centimeter","Administrator","2026-04-19 23:12:13.125616","2026-04-19 23:12:13.125616","Administrator","0","0","Kilogram/Cubic Centimeter","1","0","UOM"
"Kilogram/Cubic Meter","Administrator","2026-04-19 23:12:13.133760","2026-04-19 23:12:13.133760","Administrator","0","0","Kilogram/Cubic Meter","1","0","UOM"
"Kilogram/Litre","Administrator","2026-04-19 23:12:13.138960","2026-04-19 23:12:13.138960","Administrator","0","0","Kilogram/Litre","1","0","UOM"
"Kilohertz","Administrator","2026-04-19 23:12:13.142897","2026-04-19 23:12:13.142897","Administrator","0","0","Kilohertz","1","0","UOM"
"Kilojoule","Administrator","2026-04-19 23:12:13.148815","2026-04-19 23:12:13.148815","Administrator","0","0","Kilojoule","1","0","UOM"
"Kilometer","Administrator","2026-04-19 23:12:13.154429","2026-04-19 23:12:13.154429","Administrator","0","0","Kilometer","1","0","UOM"
"Kilometer/Hour","Administrator","2026-04-19 23:12:13.159598","2026-04-19 23:12:13.159598","Administrator","0","0","Kilometer/Hour","1","0","UOM"
"Kilopascal","Administrator","2026-04-19 23:12:13.164605","2026-04-19 23:12:13.164605","Administrator","0","0","Kilopascal","1","0","UOM"
"Kilopond","Administrator","2026-04-19 23:12:13.170401","2026-04-19 23:12:13.170401","Administrator","0","0","Kilopond","1","0","UOM"
"Kilopound-Force","Administrator","2026-04-19 23:12:13.174864","2026-04-19 23:12:13.174864","Administrator","0","0","Kilopound-Force","1","0","UOM"
"Kilowatt","Administrator","2026-04-19 23:12:13.179780","2026-04-19 23:12:13.179780","Administrator","0","0","Kilowatt","1","0","UOM"
"Kilowatt-Hour","Administrator","2026-04-19 23:12:13.184623","2026-04-19 23:12:13.184623","Administrator","0","0","Kilowatt-Hour","1","0","UOM"
"Kip","Administrator","2026-04-19 23:12:13.191276","2026-04-19 23:12:13.191276","Administrator","0","0","Kip","1","0","UOM"
"Knot","Administrator","2026-04-19 23:12:13.199733","2026-04-19 23:12:13.199733","Administrator","0","0","Knot","1","0","UOM"
"Link","Administrator","2026-04-19 23:12:13.206012","2026-04-19 23:12:13.206012","Administrator","0","0","Link","1","0","UOM"
"Litre","Administrator","2026-04-19 23:12:13.212212","2026-04-19 23:12:13.212212","Administrator","0","0","Litre","1","0","UOM"
"Litre-Atmosphere","Administrator","2026-04-19 23:12:13.218556","2026-04-19 23:12:13.218556","Administrator","0","0","Litre-Atmosphere","1","0","UOM"
"Megacoulomb","Administrator","2026-04-19 23:12:13.223646","2026-04-19 23:12:13.223646","Administrator","0","0","Megacoulomb","1","0","UOM"
"Megagram/Litre","Administrator","2026-04-19 23:12:13.233814","2026-04-19 23:12:13.233814","Administrator","0","0","Megagram/Litre","1","0","UOM"
"Megahertz","Administrator","2026-04-19 23:12:13.237472","2026-04-19 23:12:13.237472","Administrator","0","0","Megahertz","1","0","UOM"
"Megajoule","Administrator","2026-04-19 23:12:13.240532","2026-04-19 23:12:13.240532","Administrator","0","0","Megajoule","1","0","UOM"
"Megawatt","Administrator","2026-04-19 23:12:13.244313","2026-04-19 23:12:13.244313","Administrator","0","0","Megawatt","1","0","UOM"
"Meter","Administrator","2026-04-19 23:12:13.253296","2026-04-19 23:12:13.253296","Administrator","0","0","Meter","1","0","UOM"
"Meter Of Water","Administrator","2026-04-19 23:12:13.260636","2026-04-19 23:12:13.260636","Administrator","0","0","Meter Of Water","1","0","UOM"
"Meter/Second","Administrator","2026-04-19 23:12:13.279931","2026-04-19 23:12:13.279931","Administrator","0","0","Meter/Second","1","0","UOM"
"Microbar","Administrator","2026-04-19 23:12:13.285334","2026-04-19 23:12:13.285334","Administrator","0","0","Microbar","1","0","UOM"
"Microgram","Administrator","2026-04-19 23:12:13.289284","2026-04-19 23:12:13.289284","Administrator","0","0","Microgram","1","0","UOM"
"Microgram/Litre","Administrator","2026-04-19 23:12:13.292764","2026-04-19 23:12:13.292764","Administrator","0","0","Microgram/Litre","1","0","UOM"
"Micrometer","Administrator","2026-04-19 23:12:13.296011","2026-04-19 23:12:13.296011","Administrator","0","0","Micrometer","1","0","UOM"
"Microsecond","Administrator","2026-04-19 23:12:13.298802","2026-04-19 23:12:13.298802","Administrator","0","0","Microsecond","1","0","UOM"
"Mile","Administrator","2026-04-19 23:12:13.301677","2026-04-19 23:12:13.301677","Administrator","0","0","Mile","1","0","UOM"
"Mile (Nautical)","Administrator","2026-04-19 23:12:13.305706","2026-04-19 23:12:13.305706","Administrator","0","0","Mile (Nautical)","1","0","UOM"
"Mile/Hour","Administrator","2026-04-19 23:12:13.310591","2026-04-19 23:12:13.310591","Administrator","0","0","Mile/Hour","1","0","UOM"
"Mile/Minute","Administrator","2026-04-19 23:12:13.314450","2026-04-19 23:12:13.314450","Administrator","0","0","Mile/Minute","1","0","UOM"
"Mile/Second","Administrator","2026-04-19 23:12:13.318927","2026-04-19 23:12:13.318927","Administrator","0","0","Mile/Second","1","0","UOM"
"Milibar","Administrator","2026-04-19 23:12:13.327047","2026-04-19 23:12:13.327047","Administrator","0","0","Milibar","1","0","UOM"
"Milliampere","Administrator","2026-04-19 23:12:13.333038","2026-04-19 23:12:13.333038","Administrator","0","0","Milliampere","1","0","UOM"
"Millicoulomb","Administrator","2026-04-19 23:12:13.338088","2026-04-19 23:12:13.338088","Administrator","0","0","Millicoulomb","1","0","UOM"
"Milligram","Administrator","2026-04-19 23:12:13.340770","2026-04-19 23:12:13.340770","Administrator","0","0","Milligram","1","0","UOM"
"Milligram/Cubic Centimeter","Administrator","2026-04-19 23:12:13.342714","2026-04-19 23:12:13.342714","Administrator","0","0","Milligram/Cubic Centimeter","1","0","UOM"
"Milligram/Cubic Meter","Administrator","2026-04-19 23:12:13.344675","2026-04-19 23:12:13.344675","Administrator","0","0","Milligram/Cubic Meter","1","0","UOM"
"Milligram/Cubic Millimeter","Administrator","2026-04-19 23:12:13.348126","2026-04-19 23:12:13.348126","Administrator","0","0","Milligram/Cubic Millimeter","1","0","UOM"
"Milligram/Litre","Administrator","2026-04-19 23:12:13.350658","2026-04-19 23:12:13.350658","Administrator","0","0","Milligram/Litre","1","0","UOM"
"Millihertz","Administrator","2026-04-19 23:12:13.353714","2026-04-19 23:12:13.353714","Administrator","0","0","Millihertz","1","0","UOM"
"Millilitre","Administrator","2026-04-19 23:12:13.358726","2026-04-19 23:12:13.358726","Administrator","0","0","Millilitre","1","0","UOM"
"Millimeter","Administrator","2026-04-19 23:12:13.361767","2026-04-19 23:12:13.361767","Administrator","0","0","Millimeter","1","0","UOM"
"Millimeter Of Mercury","Administrator","2026-04-19 23:12:13.365159","2026-04-19 23:12:13.365159","Administrator","0","0","Millimeter Of Mercury","1","0","UOM"
"Millimeter Of Water","Administrator","2026-04-19 23:12:13.368868","2026-04-19 23:12:13.368868","Administrator","0","0","Millimeter Of Water","1","0","UOM"
"Millisecond","Administrator","2026-04-19 23:12:13.371836","2026-04-19 23:12:13.371836","Administrator","0","0","Millisecond","1","0","UOM"
"Minute","Administrator","2026-04-19 23:12:13.374827","2026-04-19 23:12:13.374827","Administrator","0","0","Minute","1","0","UOM"
"Nanocoulomb","Administrator","2026-04-19 23:12:13.379818","2026-04-19 23:12:13.379818","Administrator","0","0","Nanocoulomb","1","0","UOM"
"Nanogram/Litre","Administrator","2026-04-19 23:12:13.384435","2026-04-19 23:12:13.384435","Administrator","0","0","Nanogram/Litre","1","0","UOM"
"Nanohertz","Administrator","2026-04-19 23:12:13.388545","2026-04-19 23:12:13.388545","Administrator","0","0","Nanohertz","1","0","UOM"
"Nanometer","Administrator","2026-04-19 23:12:13.391906","2026-04-19 23:12:13.391906","Administrator","0","0","Nanometer","1","0","UOM"
"Nanosecond","Administrator","2026-04-19 23:12:13.395266","2026-04-19 23:12:13.395266","Administrator","0","0","Nanosecond","1","0","UOM"
"Newton","Administrator","2026-04-19 23:12:13.398018","2026-04-19 23:12:13.398018","Administrator","0","0","Newton","1","0","UOM"
"Nos","Administrator","2026-04-19 23:12:13.401266","2026-04-19 23:12:13.401266","Administrator","0","131","Nos","1","1","UOM"
"Ounce","Administrator","2026-04-19 23:12:13.406691","2026-04-19 23:12:13.406691","Administrator","0","0","Ounce","1","0","UOM"
"Ounce-Force","Administrator","2026-04-19 23:12:13.411733","2026-04-19 23:12:13.411733","Administrator","0","0","Ounce-Force","1","0","UOM"
"Ounce/Cubic Foot","Administrator","2026-04-19 23:12:13.428105","2026-04-19 23:12:13.428105","Administrator","0","0","Ounce/Cubic Foot","1","0","UOM"
"Ounce/Cubic Inch","Administrator","2026-04-19 23:12:13.432078","2026-04-19 23:12:13.432078","Administrator","0","0","Ounce/Cubic Inch","1","0","UOM"
"Ounce/Gallon (UK)","Administrator","2026-04-19 23:12:13.436271","2026-04-19 23:12:13.436271","Administrator","0","0","Ounce/Gallon (UK)","1","0","UOM"
"Ounce/Gallon (US)","Administrator","2026-04-19 23:12:13.440928","2026-04-19 23:12:13.440928","Administrator","0","0","Ounce/Gallon (US)","1","0","UOM"
"Pair","Administrator","2026-04-19 23:12:13.445146","2026-04-19 23:12:13.445146","Administrator","0","0","Pair","1","1","UOM"
"Parts Per Million","Administrator","2026-04-19 23:12:13.449204","2026-04-19 23:12:13.449204","Administrator","0","0","Parts Per Million","1","0","UOM"
"Pascal","Administrator","2026-04-19 23:12:13.454496","2026-04-19 23:12:13.454496","Administrator","0","0","Pascal","1","0","UOM"
"Peck (UK)","Administrator","2026-04-19 23:12:13.458654","2026-04-19 23:12:13.458654","Administrator","0","0","Peck (UK)","1","0","UOM"
"Peck (US)","Administrator","2026-04-19 23:12:13.462778","2026-04-19 23:12:13.462778","Administrator","0","0","Peck (US)","1","0","UOM"
"Percent","Administrator","2026-04-19 23:12:13.466567","2026-04-19 23:12:13.466567","Administrator","0","0","Percent","1","0","UOM"
"Pint (UK)","Administrator","2026-04-19 23:12:13.470050","2026-04-19 23:12:13.470050","Administrator","0","0","Pint (UK)","1","0","UOM"
"Pint (US)","Administrator","2026-04-19 23:12:13.473284","2026-04-19 23:12:13.473284","Administrator","0","0","Pint (US)","1","0","UOM"
"Pint, Dry (US)","Administrator","2026-04-19 23:12:13.476639","2026-04-19 23:12:13.476639","Administrator","0","0","Pint, Dry (US)","1","0","UOM"
"Pint, Liquid (US)","Administrator","2026-04-19 23:12:13.479906","2026-04-19 23:12:13.479906","Administrator","0","0","Pint, Liquid (US)","1","0","UOM"
"Pond","Administrator","2026-04-19 23:12:13.483320","2026-04-19 23:12:13.483320","Administrator","0","0","Pond","1","0","UOM"
"Pood","Administrator","2026-04-19 23:12:13.486903","2026-04-19 23:12:13.486903","Administrator","0","0","Pood","1","0","UOM"
"Pound","Administrator","2026-04-19 23:12:13.490941","2026-04-19 23:12:13.490941","Administrator","0","0","Pound","1","0","UOM"
"Pound-Force","Administrator","2026-04-19 23:12:13.495160","2026-04-19 23:12:13.495160","Administrator","0","0","Pound-Force","1","0","UOM"
"Pound/Cubic Foot","Administrator","2026-04-19 23:12:13.498942","2026-04-19 23:12:13.498942","Administrator","0","0","Pound/Cubic Foot","1","0","UOM"
"Pound/Cubic Inch","Administrator","2026-04-19 23:12:13.502857","2026-04-19 23:12:13.502857","Administrator","0","0","Pound/Cubic Inch","1","0","UOM"
"Pound/Cubic Yard","Administrator","2026-04-19 23:12:13.508822","2026-04-19 23:12:13.508822","Administrator","0","0","Pound/Cubic Yard","1","0","UOM"
"Pound/Gallon (UK)","Administrator","2026-04-19 23:12:13.513935","2026-04-19 23:12:13.513935","Administrator","0","0","Pound/Gallon (UK)","1","0","UOM"
"Pound/Gallon (US)","Administrator","2026-04-19 23:12:13.517658","2026-04-19 23:12:13.517658","Administrator","0","0","Pound/Gallon (US)","1","0","UOM"
"Poundal","Administrator","2026-04-19 23:12:13.521175","2026-04-19 23:12:13.521175","Administrator","0","0","Poundal","1","0","UOM"
"Psi/1000 Feet","Administrator","2026-04-19 23:12:13.524544","2026-04-19 23:12:13.524544","Administrator","0","0","Psi/1000 Feet","1","0","UOM"
"Quart (UK)","Administrator","2026-04-19 23:12:13.527826","2026-04-19 23:12:13.527826","Administrator","0","0","Quart (UK)","1","0","UOM"
