"name","owner","creation","modified","modified_by","docstatus","idx","enabled","email","first_name","last_name","full_name","username","language","time_zone","send_welcome_email","unsubscribed","mute_sounds","desk_theme","code_editor_type","search_bar","notifications","list_sidebar","bulk_actions","view_switcher","form_sidebar","form_navigation_buttons","timeline","dashboard","show_absolute_datetime_in_timeline","new_password","logout_all_sessions","document_follow_notify","document_follow_frequency","follow_created_documents","follow_commented_documents","follow_liked_documents","follow_assigned_documents","follow_shared_documents","thread_notify","send_me_a_copy","allowed_in_mentions","simultaneous_sessions","login_after","user_type","login_before","bypass_restrict_ip_check_if_2fa_enabled","onboarding_status","doctype","role_profiles","roles","block_modules","user_emails","defaults","social_logins","active_sessions"
"accounting.team@example.com","ai-agent@internal.com","2026-05-06 16:57:12.825514","2026-05-08 23:56:44.116256","vahe.muselimyan@gmail.com","0","0","1","accounting.team@example.com","Accounting","Team","Accounting Team","accounting","en","Asia/Yerevan","0","0","0","Light","vscode","1","1","1","1","1","1","0","1","1","0","","1","0","Daily","0","0","0","0","0","1","0","1","2","0","System User","0","0","{}","User","","{""name"":""ikoqi92fjg"",""owner"":""ai-agent@internal.com"",""creation"":""2026-05-06 16:57:12.825514"",""modified"":""2026-05-08 23:56:44.116256"",""modified_by"":""vahe.muselimyan@gmail.com"",""docstatus"":0,""idx"":1,""role"":""Ops - Accounting"",""parent"":""accounting.team@example.com"",""parentfield"":""roles"",""parenttype"":""User"",""doctype"":""Has Role""}","","","","{""name"":""ikoaoqd8c2"",""owner"":""ai-agent@internal.com"",""creation"":""2026-05-06 16:57:12.868419"",""modified"":""2026-05-08 23:56:44.116256"",""modified_by"":""vahe.muselimyan@gmail.com"",""docstatus"":0,""idx"":1,""provider"":""frappe"",""userid"":""02167dcb869abbdbdb74ee4bb26c60808f836b7"",""parent"":""accounting.team@example.com"",""parentfield"":""social_logins"",""parenttype"":""User"",""doctype"":""User Social Login""}",""
"anchilingaryan90@gmail.com","vahe.muselimyan@gmail.com","2026-05-08 20:34:54.609767","2026-05-08 20:35:05.033005","vahe.muselimyan@gmail.com","0","0","1","anchilingaryan90@gmail.com","Anahit Chilingaryan",,"Anahit Chilingaryan","anahit_chilingaryan","en","Asia/Yerevan","1","0","0","Light","vscode","1","1","1","1","1","1","0","1","1","0","","1","0","Daily","0","0","0","0","0","1","0","1","2","0","System User","0","0","{}","User","","[{""name"":""9pqqclghdn"",""owner"":""vahe.muselimyan@gmail.com"",""creation"":""2026-05-08 20:34:54.609767"",""modified"":""2026-05-08 20:35:05.033005"",""modified_by"":""vahe.muselimyan@gmail.com"",""docstatus"":0,""idx"":1,""role"":""Ops - Accounting"",""parent"":""anchilingaryan90@gmail.com"",""parentfield"":""roles"",""parenttype"":""User"",""doctype"":""Has Role""},{""name"":""9pqr72l2pe"",""owner"":""vahe.muselimyan@gmail.com"",""creation"":""2026-05-08 20:34:54.609767"",""modified"":""2026-05-08 20:35:05.033005"",""modified_by"":""vahe.muselimyan@gmail.com"",""docstatus"":0,""idx"":2,""role"":""Ops - Purchasing"",""parent"":""anchilingaryan90@gmail.com"",""parentfield"":""roles"",""parenttype"":""User"",""doctype"":""Has Role""},{""name"":""9pqt70o742"",""owner"":""vahe.muselimyan@gmail.com"",""creation"":""2026-05-08 20:34:54.609767"",""modified"":""2026-05-08 20:35:05.033005"",""modified_by"":""vahe.muselimyan@gmail.com"",""docstatus"":0,""idx"":3,""role"":""Ops - Order Accepting"",""parent"":""anchilingaryan90@gmail.com"",""parentfield"":""roles"",""parenttype"":""User"",""doctype"":""Has Role""}]","","","","{""name"":""9mi7f9np7o"",""owner"":""vahe.muselimyan@gmail.com"",""creation"":""2026-05-08 20:34:54.639470"",""modified"":""2026-05-08 20:35:05.033005"",""modified_by"":""vahe.muselimyan@gmail.com"",""docstatus"":0,""idx"":1,""provider"":""frappe"",""userid"":""8ba0209c20f57e780b2bdf88c37f9562ac76702"",""parent"":""anchilingaryan90@gmail.com"",""parentfield"":""social_logins"",""parenttype"":""User"",""doctype"":""User Social Login""}",""
"artakn7@gmail.com","vahe.muselimyan@gmail.com","2026-05-08 20:31:58.254232","2026-05-08 20:32:12.689070","vahe.muselimyan@gmail.com","0","0","1","artakn7@gmail.com","Artak","Nazaryan","Artak Nazaryan","artak","en","Asia/Yerevan","1","0","0","Light","vscode","1","1","1","1","1","1","0","1","1","0","","1","0","Daily","0","0","0","0","0","1","0","1","2","0","System User","0","0","{}","User","","[{""name"":""83u8tm09rk"",""owner"":""vahe.muselimyan@gmail.com"",""creation"":""2026-05-08 20:31:58.254232"",""modified"":""2026-05-08 20:32:12.689070"",""modified_by"":""vahe.muselimyan@gmail.com"",""docstatus"":0,""idx"":1,""role"":""Ops - Delivery"",""parent"":""artakn7@gmail.com"",""parentfield"":""roles"",""parenttype"":""User"",""doctype"":""Has Role""},{""name"":""83u9vmkgvg"",""owner"":""vahe.muselimyan@gmail.com"",""creation"":""2026-05-08 20:31:58.254232"",""modified"":""2026-05-08 20:32:12.689070"",""modified_by"":""vahe.muselimyan@gmail.com"",""docstatus"":0,""idx"":2,""role"":""Ops - Returns"",""parent"":""artakn7@gmail.com"",""parentfield"":""roles"",""parenttype"":""User"",""doctype"":""Has Role""}]","","","","{""name"":""7vgatt6gbs"",""owner"":""vahe.muselimyan@gmail.com"",""creation"":""2026-05-08 20:31:58.403543"",""modified"":""2026-05-08 20:32:12.689070"",""modified_by"":""vahe.muselimyan@gmail.com"",""docstatus"":0,""idx"":1,""provider"":""frappe"",""userid"":""fce9817a1c68466252e908cd9de3de06af64a50"",""parent"":""artakn7@gmail.com"",""parentfield"":""social_logins"",""parenttype"":""User"",""doctype"":""User Social Login""}",""
"artursemerjyan91@gmail.com","vahe.muselimyan@gmail.com","2026-05-08 20:36:02.363012","2026-05-08 20:36:09.999249","vahe.muselimyan@gmail.com","0","0","1","artursemerjyan91@gmail.com","Artur Semerjyan",,"Artur Semerjyan","artur_semerjyan","en","Asia/Yerevan","1","0","0","Light","vscode","1","1","1","1","1","1","0","1","1","0","","1","0","Daily","0","0","0","0","0","1","0","1","2","0","System User","0","0","{}","User","","[{""name"":""ae4mdkq9gc"",""owner"":""vahe.muselimyan@gmail.com"",""creation"":""2026-05-08 20:36:02.363012"",""modified"":""2026-05-08 20:36:09.999249"",""modified_by"":""vahe.muselimyan@gmail.com"",""docstatus"":0,""idx"":1,""role"":""Ops - Delivery"",""parent"":""artursemerjyan91@gmail.com"",""parentfield"":""roles"",""parenttype"":""User"",""doctype"":""Has Role""},{""name"":""ae4ceug7fv"",""owner"":""vahe.muselimyan@gmail.com"",""creation"":""2026-05-08 20:36:02.363012"",""modified"":""2026-05-08 20:36:09.999249"",""modified_by"":""vahe.muselimyan@gmail.com"",""docstatus"":0,""idx"":2,""role"":""Ops - Returns"",""parent"":""artursemerjyan91@gmail.com"",""parentfield"":""roles"",""parenttype"":""User"",""doctype"":""Has Role""}]","","","","{""name"":""abocfsslh9"",""owner"":""vahe.muselimyan@gmail.com"",""creation"":""2026-05-08 20:36:02.414136"",""modified"":""2026-05-08 20:36:09.999249"",""modified_by"":""vahe.muselimyan@gmail.com"",""docstatus"":0,""idx"":1,""provider"":""frappe"",""userid"":""dc26f838b77486909569c6ea52c7d87c52b2d4c"",""parent"":""artursemerjyan91@gmail.com"",""parentfield"":""social_logins"",""parenttype"":""User"",""doctype"":""User Social Login""}",""
"delivery.team@example.com","vahe.muselimyan@gmail.com","2026-05-08 20:27:27.465261","2026-05-08 23:56:22.180078","vahe.muselimyan@gmail.com","0","0","1","delivery.team@example.com","Delivery Team",,"Delivery Team","delivery_team","en","Asia/Yerevan","1","0","0","Light","vscode","1","1","1","1","1","1","0","1","1","0","","1","0","Daily","0","0","0","0","0","1","0","1","2","0","System User","0","0","{}","User","","{""name"":""5fkabnh7ed"",""owner"":""vahe.muselimyan@gmail.com"",""creation"":""2026-05-08 20:27:27.465261"",""modified"":""2026-05-08 23:56:22.180078"",""modified_by"":""vahe.muselimyan@gmail.com"",""docstatus"":0,""idx"":1,""role"":""Ops - Delivery"",""parent"":""delivery.team@example.com"",""parentfield"":""roles"",""parenttype"":""User"",""doctype"":""Has Role""}","","","","{""name"":""5arudtc0gl"",""owner"":""vahe.muselimyan@gmail.com"",""creation"":""2026-05-08 20:27:27.508448"",""modified"":""2026-05-08 23:56:22.180078"",""modified_by"":""vahe.muselimyan@gmail.com"",""docstatus"":0,""idx"":1,""provider"":""frappe"",""userid"":""8c815d0ab06fb86c28a80b3fa4ebf743f5f2fd7"",""parent"":""delivery.team@example.com"",""parentfield"":""social_logins"",""parenttype"":""User"",""doctype"":""User Social Login""}",""
"director.tv@example.com","vahe.muselimyan@gmail.com","2026-05-08 23:19:30.618808","2026-05-08 23:19:30.778485","vahe.muselimyan@gmail.com","0","0","1","director.tv@example.com","Directors TV",,"Directors TV","tv","en","Asia/Yerevan","1","0","0","Light","vscode","1","1","1","1","1","1","0","1","1","0","","1","0","Daily","0","0","0","0","0","1","0","1","2","0","Website User","0","0","{}","User","","","","","","{""name"":""a4qv989d28"",""owner"":""vahe.muselimyan@gmail.com"",""creation"":""2026-05-08 23:19:30.685319"",""modified"":""2026-05-08 23:19:30.685319"",""modified_by"":""vahe.muselimyan@gmail.com"",""docstatus"":0,""idx"":1,""provider"":""frappe"",""userid"":""9a7be2982617fe413f31e77fac75ee9f629ba1f"",""parent"":""director.tv@example.com"",""parentfield"":""social_logins"",""parenttype"":""User"",""doctype"":""User Social Login""}",""
"dispatch.coordinator@example.com","ai-agent@internal.com","2026-05-06 16:57:11.968821","2026-05-08 23:56:53.714135","vahe.muselimyan@gmail.com","0","0","1","dispatch.coordinator@example.com","Dispatch","Coordinator","Dispatch Coordinator","dispatch","en","Asia/Yerevan","0","0","0","Light","vscode","1","1","1","1","1","1","0","1","1","0","","1","0","Daily","0","0","0","0","0","1","0","1","2","0","System User","0","0","{}","User","","{""name"":""ikfbov11qf"",""owner"":""ai-agent@internal.com"",""creation"":""2026-05-06 16:57:11.968821"",""modified"":""2026-05-08 23:56:53.714135"",""modified_by"":""vahe.muselimyan@gmail.com"",""docstatus"":0,""idx"":1,""role"":""Ops - Delivery"",""parent"":""dispatch.coordinator@example.com"",""parentfield"":""roles"",""parenttype"":""User"",""doctype"":""Has Role""}","","","","{""name"":""ikgbem2prn"",""owner"":""ai-agent@internal.com"",""creation"":""2026-05-06 16:57:12.042135"",""modified"":""2026-05-08 23:56:53.714135"",""modified_by"":""vahe.muselimyan@gmail.com"",""docstatus"":0,""idx"":1,""provider"":""frappe"",""userid"":""532ebf96e589ab3fc8639a84573027546aecce2"",""parent"":""dispatch.coordinator@example.com"",""parentfield"":""social_logins"",""parenttype"":""User"",""doctype"":""User Social Login""}",""
"emalumyan4@gmail.com","vahe.muselimyan@gmail.com","2026-05-08 20:35:40.047953","2026-05-08 20:35:45.902908","vahe.muselimyan@gmail.com","0","0","1","emalumyan4@gmail.com","Erik Malumyan",,"Erik Malumyan","erik_malumyan","en","Asia/Yerevan","1","0","0","Light","vscode","1","1","1","1","1","1","0","1","1","0","","1","0","Daily","0","0","0","0","0","1","0","1","2","0","System User","0","0","{}","User","","[{""name"":""a6jdks6dmc"",""owner"":""vahe.muselimyan@gmail.com"",""creation"":""2026-05-08 20:35:40.047953"",""modified"":""2026-05-08 20:35:45.902908"",""modified_by"":""vahe.muselimyan@gmail.com"",""docstatus"":0,""idx"":1,""role"":""Ops - Delivery"",""parent"":""emalumyan4@gmail.com"",""parentfield"":""roles"",""parenttype"":""User"",""doctype"":""Has Role""},{""name"":""a6jpj2293n"",""owner"":""vahe.muselimyan@gmail.com"",""creation"":""2026-05-08 20:35:40.047953"",""modified"":""2026-05-08 20:35:45.902908"",""modified_by"":""vahe.muselimyan@gmail.com"",""docstatus"":0,""idx"":2,""role"":""Ops - Returns"",""parent"":""emalumyan4@gmail.com"",""parentfield"":""roles"",""parenttype"":""User"",""doctype"":""Has Role""}]","","","","{""name"":""a4oofl45q6"",""owner"":""vahe.muselimyan@gmail.com"",""creation"":""2026-05-08 20:35:40.066014"",""modified"":""2026-05-08 20:35:45.902908"",""modified_by"":""vahe.muselimyan@gmail.com"",""docstatus"":0,""idx"":1,""provider"":""frappe"",""userid"":""16ec7126b5fc6c01933d4e55673572fddaf1871"",""parent"":""emalumyan4@gmail.com"",""parentfield"":""social_logins"",""parenttype"":""User"",""doctype"":""User Social Login""}",""
"finance.team@example.com","ai-agent@internal.com","2026-05-11 07:48:34.464747","2026-05-11 07:53:06.629751","ai-agent@internal.com","0","0","1","finance.team@example.com","Finance","Team","Finance Team","finance","en","Asia/Yerevan","0","0","0","Light","vscode","1","1","1","1","1","1","0","1","1","0","","1","0","Daily","0","0","0","0","0","1","0","1","2","0","System User","0","0","{}","User","","{""name"":""eiqruaqbd8"",""owner"":""ai-agent@internal.com"",""creation"":""2026-05-11 07:48:34.464747"",""modified"":""2026-05-11 07:53:06.629751"",""modified_by"":""ai-agent@internal.com"",""docstatus"":0,""idx"":1,""role"":""Ops - Finance"",""parent"":""finance.team@example.com"",""parentfield"":""roles"",""parenttype"":""User"",""doctype"":""Has Role""}","","","","{""name"":""btpohbkv6o"",""owner"":""ai-agent@internal.com"",""creation"":""2026-05-11 07:48:34.535465"",""modified"":""2026-05-11 07:53:06.629751"",""modified_by"":""ai-agent@internal.com"",""docstatus"":0,""idx"":1,""provider"":""frappe"",""userid"":""16a577a05803479c8e59631aec5c5984f01a53e"",""parent"":""finance.team@example.com"",""parentfield"":""social_logins"",""parenttype"":""User"",""doctype"":""User Social Login""}",""
"ghahramanyann@gmail.com","vahe.muselimyan@gmail.com","2026-05-08 20:37:39.594154","2026-05-08 20:37:45.493226","vahe.muselimyan@gmail.com","0","0","1","ghahramanyann@gmail.com","Norayr Ghahramanyan",,"Norayr Ghahramanyan","norayr_ghahramanyan","en","Asia/Yerevan","1","0","0","Light","vscode","1","1","1","1","1","1","0","1","1","0","","1","0","Daily","0","0","0","0","0","1","0","1","2","0","System User","0","0","{}","User","","{""name"":""bbvnhldnvu"",""owner"":""vahe.muselimyan@gmail.com"",""creation"":""2026-05-08 20:37:39.594154"",""modified"":""2026-05-08 20:37:45.493226"",""modified_by"":""vahe.muselimyan@gmail.com"",""docstatus"":0,""idx"":1,""role"":""Ops - Directors"",""parent"":""ghahramanyann@gmail.com"",""parentfield"":""roles"",""parenttype"":""User"",""doctype"":""Has Role""}","","","","{""name"":""ba4rb1c2sg"",""owner"":""vahe.muselimyan@gmail.com"",""creation"":""2026-05-08 20:37:39.624544"",""modified"":""2026-05-08 20:37:45.493226"",""modified_by"":""vahe.muselimyan@gmail.com"",""docstatus"":0,""idx"":1,""provider"":""frappe"",""userid"":""909d04fd5b2bf8cb19aff60fdf2246c96ccb365"",""parent"":""ghahramanyann@gmail.com"",""parentfield"":""social_logins"",""parenttype"":""User"",""doctype"":""User Social Login""}",""
"karapetyansev@gmail.com","vahe.muselimyan@gmail.com","2026-05-08 20:37:11.498248","2026-05-08 20:37:18.783882","vahe.muselimyan@gmail.com","0","0","1","karapetyansev@gmail.com","Sevak karapetyan",,"Sevak karapetyan","sevak_karapetyan","en","Asia/Yerevan","1","0","0","Light","vscode","1","1","1","1","1","1","0","1","1","0","","1","0","Daily","0","0","0","0","0","1","0","1","2","0","System User","0","0","{}","User","","{""name"":""b3knqbqhb4"",""owner"":""vahe.muselimyan@gmail.com"",""creation"":""2026-05-08 20:37:11.498248"",""modified"":""2026-05-08 20:37:18.783882"",""modified_by"":""vahe.muselimyan@gmail.com"",""docstatus"":0,""idx"":1,""role"":""Ops - Directors"",""parent"":""karapetyansev@gmail.com"",""parentfield"":""roles"",""parenttype"":""User"",""doctype"":""Has Role""}","","","","{""name"":""b1bu779fhr"",""owner"":""vahe.muselimyan@gmail.com"",""creation"":""2026-05-08 20:37:11.528194"",""modified"":""2026-05-08 20:37:18.783882"",""modified_by"":""vahe.muselimyan@gmail.com"",""docstatus"":0,""idx"":1,""provider"":""frappe"",""userid"":""5153cdf532f763511210aae4e16bdc0f272ee48"",""parent"":""karapetyansev@gmail.com"",""parentfield"":""social_logins"",""parenttype"":""User"",""doctype"":""User Social Login""}",""
"ly.aghayan@gmail.com","vahe.muselimyan@gmail.com","2026-05-08 20:38:44.465205","2026-05-08 20:38:56.743233","vahe.muselimyan@gmail.com","0","0","1","ly.aghayan@gmail.com","Levon Aghayan",,"Levon Aghayan","levon_aghayan","en","Asia/Yerevan","1","0","0","Light","vscode","1","1","1","1","1","1","0","1","1","0","","1","0","Daily","0","0","0","0","0","1","0","1","2","0","System User","0","0","{}","User","","[{""name"":""c277njh8pa"",""owner"":""vahe.muselimyan@gmail.com"",""creation"":""2026-05-08 20:38:44.465205"",""modified"":""2026-05-08 20:38:56.743233"",""modified_by"":""vahe.muselimyan@gmail.com"",""docstatus"":0,""idx"":1,""role"":""Ops - Accounting"",""parent"":""ly.aghayan@gmail.com"",""parentfield"":""roles"",""parenttype"":""User"",""doctype"":""Has Role""},{""name"":""c27u6fmpq6"",""owner"":""vahe.muselimyan@gmail.com"",""creation"":""2026-05-08 20:38:44.465205"",""modified"":""2026-05-08 20:38:56.743233"",""modified_by"":""vahe.muselimyan@gmail.com"",""docstatus"":0,""idx"":2,""role"":""Ops - Delivery"",""parent"":""ly.aghayan@gmail.com"",""parentfield"":""roles"",""parenttype"":""User"",""doctype"":""Has Role""},{""name"":""c275a4jd0d"",""owner"":""vahe.muselimyan@gmail.com"",""creation"":""2026-05-08 20:38:44.465205"",""modified"":""2026-05-08 20:38:56.743233"",""modified_by"":""vahe.muselimyan@gmail.com"",""docstatus"":0,""idx"":3,""role"":""Ops - Inventory"",""parent"":""ly.aghayan@gmail.com"",""parentfield"":""roles"",""parenttype"":""User"",""doctype"":""Has Role""},{""name"":""c27susioqd"",""owner"":""vahe.muselimyan@gmail.com"",""creation"":""2026-05-08 20:38:44.465205"",""modified"":""2026-05-08 20:38:56.743233"",""modified_by"":""vahe.muselimyan@gmail.com"",""docstatus"":0,""idx"":4,""role"":""Ops - Order Accepting"",""parent"":""ly.aghayan@gmail.com"",""parentfield"":""roles"",""parenttype"":""User"",""doctype"":""Has Role""},{""name"":""c27257p188"",""owner"":""vahe.muselimyan@gmail.com"",""creation"":""2026-05-08 20:38:44.465205"",""modified"":""2026-05-08 20:38:56.743233"",""modified_by"":""vahe.muselimyan@gmail.com"",""docstatus"":0,""idx"":5,""role"":""Ops - Purchasing"",""parent"":""ly.aghayan@gmail.com"",""parentfield"":""roles"",""parenttype"":""User"",""doctype"":""Has Role""},{""name"":""c27lmsgj2e"",""owner"":""vahe.muselimyan@gmail.com"",""creation"":""2026-05-08 20:38:44.465205"",""modified"":""2026-05-08 20:38:56.743233"",""modified_by"":""vahe.muselimyan@gmail.com"",""docstatus"":0,""idx"":6,""role"":""Ops - Returns"",""parent"":""ly.aghayan@gmail.com"",""parentfield"":""roles"",""parenttype"":""User"",""doctype"":""Has Role""}]","","","","{""name"":""bucf16f239"",""owner"":""vahe.muselimyan@gmail.com"",""creation"":""2026-05-08 20:38:44.482246"",""modified"":""2026-05-08 20:38:56.743233"",""modified_by"":""vahe.muselimyan@gmail.com"",""docstatus"":0,""idx"":1,""provider"":""frappe"",""userid"":""068ff66ee33985174faf16bef281ad9b11cbb02"",""parent"":""ly.aghayan@gmail.com"",""parentfield"":""social_logins"",""parenttype"":""User"",""doctype"":""User Social Login""}",""
"m.nersisyan93@gmail.com","vahe.muselimyan@gmail.com","2026-05-08 20:33:43.879484","2026-05-08 20:33:56.277904","vahe.muselimyan@gmail.com","0","0","1","m.nersisyan93@gmail.com","Monika Nersisyan",,"Monika Nersisyan","monika_nersisyan","en","Asia/Yerevan","1","0","0","Light","vscode","1","1","1","1","1","1","0","1","1","0","","1","0","Daily","0","0","0","0","0","1","0","1","2","0","System User","0","0","{}","User","","[{""name"":""94bmaajfbh"",""owner"":""vahe.muselimyan@gmail.com"",""creation"":""2026-05-08 20:33:43.879484"",""modified"":""2026-05-08 20:33:56.277904"",""modified_by"":""vahe.muselimyan@gmail.com"",""docstatus"":0,""idx"":1,""role"":""Ops - Accounting"",""parent"":""m.nersisyan93@gmail.com"",""parentfield"":""roles"",""parenttype"":""User"",""doctype"":""Has Role""},{""name"":""94bb13n85g"",""owner"":""vahe.muselimyan@gmail.com"",""creation"":""2026-05-08 20:33:43.879484"",""modified"":""2026-05-08 20:33:56.277904"",""modified_by"":""vahe.muselimyan@gmail.com"",""docstatus"":0,""idx"":2,""role"":""Ops - Purchasing"",""parent"":""m.nersisyan93@gmail.com"",""parentfield"":""roles"",""parenttype"":""User"",""doctype"":""Has Role""},{""name"":""94b2c0hoim"",""owner"":""vahe.muselimyan@gmail.com"",""creation"":""2026-05-08 20:33:43.879484"",""modified"":""2026-05-08 20:33:56.277904"",""modified_by"":""vahe.muselimyan@gmail.com"",""docstatus"":0,""idx"":3,""role"":""Ops - Order Accepting"",""parent"":""m.nersisyan93@gmail.com"",""parentfield"":""roles"",""parenttype"":""User"",""doctype"":""Has Role""}]","","","","{""name"":""90epi175fe"",""owner"":""vahe.muselimyan@gmail.com"",""creation"":""2026-05-08 20:33:43.898978"",""modified"":""2026-05-08 20:33:56.277904"",""modified_by"":""vahe.muselimyan@gmail.com"",""docstatus"":0,""idx"":1,""provider"":""frappe"",""userid"":""ee166279f9839e7781cba404fcad285e94bb702"",""parent"":""m.nersisyan93@gmail.com"",""parentfield"":""social_logins"",""parenttype"":""User"",""doctype"":""User Social Login""}",""
"order.creation.team@example.com","ai-agent@internal.com","2026-05-11 07:48:33.310002","2026-05-11 07:53:06.108156","ai-agent@internal.com","0","0","1","order.creation.team@example.com","Order Creation","Team","Order Creation Team","order_creation","en","Asia/Yerevan","0","0","0","Light","vscode","1","1","1","1","1","1","0","1","1","0","","1","0","Daily","0","0","0","0","0","1","0","1","2","0","System User","0","0","{}","User","","{""name"":""eilh9goevn"",""owner"":""ai-agent@internal.com"",""creation"":""2026-05-11 07:48:33.310002"",""modified"":""2026-05-11 07:53:06.108156"",""modified_by"":""ai-agent@internal.com"",""docstatus"":0,""idx"":1,""role"":""Ops - Order Creating"",""parent"":""order.creation.team@example.com"",""parentfield"":""roles"",""parenttype"":""User"",""doctype"":""Has Role""}","","","","{""name"":""bti8vo0tsi"",""owner"":""ai-agent@internal.com"",""creation"":""2026-05-11 07:48:33.817329"",""modified"":""2026-05-11 07:53:06.108156"",""modified_by"":""ai-agent@internal.com"",""docstatus"":0,""idx"":1,""provider"":""frappe"",""userid"":""91dff32271db15ed00e24197eaf74443e615bad"",""parent"":""order.creation.team@example.com"",""parentfield"":""social_logins"",""parenttype"":""User"",""doctype"":""User Social Login""}",""
"purchasing.team@example.com","vahe.muselimyan@gmail.com","2026-05-08 20:39:53.695686","2026-05-08 23:56:04.586246","vahe.muselimyan@gmail.com","0","0","1","purchasing.team@example.com","Purchasing Team",,"Purchasing Team","purchasing_team","en","Asia/Yerevan","1","0","0","Light","vscode","1","1","1","1","1","1","0","1","1","0","","1","0","Daily","0","0","0","0","0","1","0","1","2","0","System User","0","0","{}","User","","[{""name"":""cng7sg3aut"",""owner"":""vahe.muselimyan@gmail.com"",""creation"":""2026-05-08 20:39:53.695686"",""modified"":""2026-05-08 23:56:04.586246"",""modified_by"":""vahe.muselimyan@gmail.com"",""docstatus"":0,""idx"":1,""role"":""Ops - Purchasing"",""parent"":""purchasing.team@example.com"",""parentfield"":""roles"",""parenttype"":""User"",""doctype"":""Has Role""},{""name"":""cngdlshab1"",""owner"":""vahe.muselimyan@gmail.com"",""creation"":""2026-05-08 20:39:53.695686"",""modified"":""2026-05-08 23:56:04.586246"",""modified_by"":""vahe.muselimyan@gmail.com"",""docstatus"":0,""idx"":2,""role"":""Ops - Purchasing Lead"",""parent"":""purchasing.team@example.com"",""parentfield"":""roles"",""parenttype"":""User"",""doctype"":""Has Role""}]","","","","{""name"":""ck1p1d2p3d"",""owner"":""vahe.muselimyan@gmail.com"",""creation"":""2026-05-08 20:39:53.726314"",""modified"":""2026-05-08 23:56:04.586246"",""modified_by"":""vahe.muselimyan@gmail.com"",""docstatus"":0,""idx"":1,""provider"":""frappe"",""userid"":""c8a682baf267e8112203318d6447c5437b6b926"",""parent"":""purchasing.team@example.com"",""parentfield"":""social_logins"",""parenttype"":""User"",""doctype"":""User Social Login""}",""
"returns.team@example.com","ai-agent@internal.com","2026-05-06 16:57:11.467117","2026-05-08 23:57:27.681228","vahe.muselimyan@gmail.com","0","0","1","returns.team@example.com","Returns","Team","Returns Team","returns","en","Asia/Yerevan","0","0","0","Light","vscode","1","1","1","1","1","1","0","1","1","0","","1","0","Daily","0","0","0","0","0","1","0","1","2","0","System User","0","0","{}","User","","{""name"":""ikajq29egt"",""owner"":""ai-agent@internal.com"",""creation"":""2026-05-06 16:57:11.467117"",""modified"":""2026-05-08 23:57:27.681228"",""modified_by"":""vahe.muselimyan@gmail.com"",""docstatus"":0,""idx"":1,""role"":""Ops - Returns"",""parent"":""returns.team@example.com"",""parentfield"":""roles"",""parenttype"":""User"",""doctype"":""Has Role""}","","","","{""name"":""ikb1noj7rb"",""owner"":""ai-agent@internal.com"",""creation"":""2026-05-06 16:57:11.518965"",""modified"":""2026-05-08 23:57:27.681228"",""modified_by"":""vahe.muselimyan@gmail.com"",""docstatus"":0,""idx"":1,""provider"":""frappe"",""userid"":""d1d2444a80fbe7d79892e4fd2fecee0f402672f"",""parent"":""returns.team@example.com"",""parentfield"":""social_logins"",""parenttype"":""User"",""doctype"":""User Social Login""}",""
"sahakyan.oli1998@gmail.com","vahe.muselimyan@gmail.com","2026-05-08 20:36:43.633184","2026-05-08 20:36:51.338736","vahe.muselimyan@gmail.com","0","0","1","sahakyan.oli1998@gmail.com","Oli Sahakyan",,"Oli Sahakyan","oli_sahakyan","en","Asia/Yerevan","1","0","0","Light","vscode","1","1","1","1","1","1","0","1","1","0","","1","0","Daily","0","0","0","0","0","1","0","1","2","0","System User","0","0","{}","User","","[{""name"":""ar1ee3s639"",""owner"":""vahe.muselimyan@gmail.com"",""creation"":""2026-05-08 20:36:43.633184"",""modified"":""2026-05-08 20:36:51.338736"",""modified_by"":""vahe.muselimyan@gmail.com"",""docstatus"":0,""idx"":1,""role"":""Ops - Accounting"",""parent"":""sahakyan.oli1998@gmail.com"",""parentfield"":""roles"",""parenttype"":""User"",""doctype"":""Has Role""},{""name"":""ar128primt"",""owner"":""vahe.muselimyan@gmail.com"",""creation"":""2026-05-08 20:36:43.633184"",""modified"":""2026-05-08 20:36:51.338736"",""modified_by"":""vahe.muselimyan@gmail.com"",""docstatus"":0,""idx"":2,""role"":""Ops - Order Accepting"",""parent"":""sahakyan.oli1998@gmail.com"",""parentfield"":""roles"",""parenttype"":""User"",""doctype"":""Has Role""}]","","","","{""name"":""aokq19j9s4"",""owner"":""vahe.muselimyan@gmail.com"",""creation"":""2026-05-08 20:36:43.653599"",""modified"":""2026-05-08 20:36:51.338736"",""modified_by"":""vahe.muselimyan@gmail.com"",""docstatus"":0,""idx"":1,""provider"":""frappe"",""userid"":""280933450966d602e45b8084baf9f2fde6325da"",""parent"":""sahakyan.oli1998@gmail.com"",""parentfield"":""social_logins"",""parenttype"":""User"",""doctype"":""User Social Login""}",""
"vagramyankaren@gmail.com","vahe.muselimyan@gmail.com","2026-05-08 20:38:11.242127","2026-05-08 20:38:27.309953","vahe.muselimyan@gmail.com","0","0","1","vagramyankaren@gmail.com","Karen Vagramyan",,"Karen Vagramyan","karen_vagramyan","en","Asia/Yerevan","1","0","0","Light","vscode","1","1","1","1","1","1","0","1","1","0","","1","0","Daily","0","0","0","0","0","1","0","1","2","0","System User","0","0","{}","User","","[{""name"":""bp1h7geiio"",""owner"":""vahe.muselimyan@gmail.com"",""creation"":""2026-05-08 20:38:11.242127"",""modified"":""2026-05-08 20:38:27.309953"",""modified_by"":""vahe.muselimyan@gmail.com"",""docstatus"":0,""idx"":1,""role"":""Ops - Accounting"",""parent"":""vagramyankaren@gmail.com"",""parentfield"":""roles"",""parenttype"":""User"",""doctype"":""Has Role""},{""name"":""bp1u6s4oub"",""owner"":""vahe.muselimyan@gmail.com"",""creation"":""2026-05-08 20:38:11.242127"",""modified"":""2026-05-08 20:38:27.309953"",""modified_by"":""vahe.muselimyan@gmail.com"",""docstatus"":0,""idx"":2,""role"":""Ops - Inventory"",""parent"":""vagramyankaren@gmail.com"",""parentfield"":""roles"",""parenttype"":""User"",""doctype"":""Has Role""},{""name"":""bp1otu4tm9"",""owner"":""vahe.muselimyan@gmail.com"",""creation"":""2026-05-08 20:38:11.242127"",""modified"":""2026-05-08 20:38:27.309953"",""modified_by"":""vahe.muselimyan@gmail.com"",""docstatus"":0,""idx"":3,""role"":""Ops - Delivery"",""parent"":""vagramyankaren@gmail.com"",""parentfield"":""roles"",""parenttype"":""User"",""doctype"":""Has Role""},{""name"":""bp1q172lt9"",""owner"":""vahe.muselimyan@gmail.com"",""creation"":""2026-05-08 20:38:11.242127"",""modified"":""2026-05-08 20:38:27.309953"",""modified_by"":""vahe.muselimyan@gmail.com"",""docstatus"":0,""idx"":4,""role"":""Ops - Order Accepting"",""parent"":""vagramyankaren@gmail.com"",""parentfield"":""roles"",""parenttype"":""User"",""doctype"":""Has Role""},{""name"":""bp1nsc873f"",""owner"":""vahe.muselimyan@gmail.com"",""creation"":""2026-05-08 20:38:11.242127"",""modified"":""2026-05-08 20:38:27.309953"",""modified_by"":""vahe.muselimyan@gmail.com"",""docstatus"":0,""idx"":5,""role"":""Ops - Returns"",""parent"":""vagramyankaren@gmail.com"",""parentfield"":""roles"",""parenttype"":""User"",""doctype"":""Has Role""}]","","","","{""name"":""bk0340f5d5"",""owner"":""vahe.muselimyan@gmail.com"",""creation"":""2026-05-08 20:38:11.273713"",""modified"":""2026-05-08 20:38:27.309953"",""modified_by"":""vahe.muselimyan@gmail.com"",""docstatus"":0,""idx"":1,""provider"":""frappe"",""userid"":""d0dc412223b32644f80285ffd694180a8df8eb9"",""parent"":""vagramyankaren@gmail.com"",""parentfield"":""social_logins"",""parenttype"":""User"",""doctype"":""User Social Login""}",""
"levonaghinyan77@gmail.com","vahe.muselimyan@gmail.com","2026-04-19 23:24:47.278823","2026-04-19 23:25:51.175428","vahe.muselimyan@gmail.com","0","0","1","levonaghinyan77@gmail.com","Levon Aghinyan",,"Levon Aghinyan","levon_aghinyan","en","Asia/Yerevan","1","0","0","Light","vscode","1","1","1","1","1","1","0","1","1","0","","1","0","Daily","0","0","0","0","0","1","0","1","2","0","System User","0","0","{}","User","","[{""name"":""dvq5n3ojcb"",""owner"":""vahe.muselimyan@gmail.com"",""creation"":""2026-04-19 23:24:47.425863"",""modified"":""2026-04-19 23:25:51.175428"",""modified_by"":""vahe.muselimyan@gmail.com"",""docstatus"":0,""idx"":1,""role"":""System Manager"",""parent"":""levonaghinyan77@gmail.com"",""parentfield"":""roles"",""parenttype"":""User"",""doctype"":""Has Role""},{""name"":""ejnp62p6aq"",""owner"":""vahe.muselimyan@gmail.com"",""creation"":""2026-04-19 23:24:47.278823"",""modified"":""2026-04-19 23:25:51.175428"",""modified_by"":""vahe.muselimyan@gmail.com"",""docstatus"":0,""idx"":2,""role"":""Academics User"",""parent"":""levonaghinyan77@gmail.com"",""parentfield"":""roles"",""parenttype"":""User"",""doctype"":""Has Role""},{""name"":""ejn6a17csb"",""owner"":""vahe.muselimyan@gmail.com"",""creation"":""2026-04-19 23:24:47.278823"",""modified"":""2026-04-19 23:25:51.175428"",""modified_by"":""vahe.muselimyan@gmail.com"",""docstatus"":0,""idx"":3,""role"":""Accounts Manager"",""parent"":""levonaghinyan77@gmail.com"",""parentfield"":""roles"",""parenttype"":""User"",""doctype"":""Has Role""},{""name"":""ejn628g19t"",""owner"":""vahe.muselimyan@gmail.com"",""creation"":""2026-04-19 23:24:47.278823"",""modified"":""2026-04-19 23:25:51.175428"",""modified_by"":""vahe.muselimyan@gmail.com"",""docstatus"":0,""idx"":4,""role"":""Accounts User"",""parent"":""levonaghinyan77@gmail.com"",""parentfield"":""roles"",""parenttype"":""User"",""doctype"":""Has Role""},{""name"":""ejnjcee4dl"",""owner"":""vahe.muselimyan@gmail.com"",""creation"":""2026-04-19 23:24:47.278823"",""modified"":""2026-04-19 23:25:51.175428"",""modified_by"":""vahe.muselimyan@gmail.com"",""docstatus"":0,""idx"":5,""role"":""Analytics"",""parent"":""levonaghinyan77@gmail.com"",""parentfield"":""roles"",""parenttype"":""User"",""doctype"":""Has Role""},{""name"":""ejnl4t1pd9"",""owner"":""vahe.muselimyan@gmail.com"",""creation"":""2026-04-19 23:24:47.278823"",""modified"":""2026-04-19 23:25:51.175428"",""modified_by"":""vahe.muselimyan@gmail.com"",""docstatus"":0,""idx"":6,""role"":""Auditor"",""parent"":""levonaghinyan77@gmail.com"",""parentfield"":""roles"",""parenttype"":""User"",""doctype"":""Has Role""},{""name"":""ejnp9ntbkt"",""owner"":""vahe.muselimyan@gmail.com"",""creation"":""2026-04-19 23:24:47.278823"",""modified"":""2026-04-19 23:25:51.175428"",""modified_by"":""vahe.muselimyan@gmail.com"",""docstatus"":0,""idx"":7,""role"":""Customer"",""parent"":""levonaghinyan77@gmail.com"",""parentfield"":""roles"",""parenttype"":""User"",""doctype"":""Has Role""},{""name"":""ejnpuvlijn"",""owner"":""vahe.muselimyan@gmail.com"",""creation"":""2026-04-19 23:24:47.278823"",""modified"":""2026-04-19 23:25:51.175428"",""modified_by"":""vahe.muselimyan@gmail.com"",""docstatus"":0,""idx"":8,""role"":""Dashboard Manager"",""parent"":""levonaghinyan77@gmail.com"",""parentfield"":""roles"",""parenttype"":""User"",""doctype"":""Has Role""},{""name"":""ejn0jqm0v3"",""owner"":""vahe.muselimyan@gmail.com"",""creation"":""2026-04-19 23:24:47.278823"",""modified"":""2026-04-19 23:25:51.175428"",""modified_by"":""vahe.muselimyan@gmail.com"",""docstatus"":0,""idx"":9,""role"":""Delivery Manager"",""parent"":""levonaghinyan77@gmail.com"",""parentfield"":""roles"",""parenttype"":""User"",""doctype"":""Has Role""},{""name"":""ejne6u53qv"",""owner"":""vahe.muselimyan@gmail.com"",""creation"":""2026-04-19 23:24:47.278823"",""modified"":""2026-04-19 23:25:51.175428"",""modified_by"":""vahe.muselimyan@gmail.com"",""docstatus"":0,""idx"":10,""role"":""Delivery User"",""parent"":""levonaghinyan77@gmail.com"",""parentfield"":""roles"",""parenttype"":""User"",""doctype"":""Has Role""},{""name"":""ejnei4prkk"",""owner"":""vahe.muselimyan@gmail.com"",""creation"":""2026-04-19 23:24:47.278823"",""modified"":""2026-04-19 23:25:51.175428"",""modified_by"":""vahe.muselimyan@gmail.com"",""docstatus"":0,""idx"":12,""role"":""Fleet Manager"",""parent"":""levonaghinyan77@gmail.com"",""parentfield"":""roles"",""parenttype"":""User"",""doctype"":""Has Role""},{""name"":""ejnom5do3s"",""owner"":""vahe.muselimyan@gmail.com"",""creation"":""2026-04-19 23:24:47.278823"",""modified"":""2026-04-19 23:25:51.175428"",""modified_by"":""vahe.muselimyan@gmail.com"",""docstatus"":0,""idx"":13,""role"":""Fulfillment User"",""parent"":""levonaghinyan77@gmail.com"",""parentfield"":""roles"",""parenttype"":""User"",""doctype"":""Has Role""},{""name"":""ejn4a1kq3n"",""owner"":""vahe.muselimyan@gmail.com"",""creation"":""2026-04-19 23:24:47.278823"",""modified"":""2026-04-19 23:25:51.175428"",""modified_by"":""vahe.muselimyan@gmail.com"",""docstatus"":0,""idx"":14,""role"":""HR Manager"",""parent"":""levonaghinyan77@gmail.com"",""parentfield"":""roles"",""parenttype"":""User"",""doctype"":""Has Role""},{""name"":""ejn96nkuue"",""owner"":""vahe.muselimyan@gmail.com"",""creation"":""2026-04-19 23:24:47.278823"",""modified"":""2026-04-19 23:25:51.175428"",""modified_by"":""vahe.muselimyan@gmail.com"",""docstatus"":0,""idx"":15,""role"":""HR User"",""parent"":""levonaghinyan77@gmail.com"",""parentfield"":""roles"",""parenttype"":""User"",""doctype"":""Has Role""},{""name"":""ejnu2sfj7c"",""owner"":""vahe.muselimyan@gmail.com"",""creation"":""2026-04-19 23:24:47.278823"",""modified"":""2026-04-19 23:25:51.175428"",""modified_by"":""vahe.muselimyan@gmail.com"",""docstatus"":0,""idx"":16,""role"":""Inbox User"",""parent"":""levonaghinyan77@gmail.com"",""parentfield"":""roles"",""parenttype"":""User"",""doctype"":""Has Role""},{""name"":""ejo7umfkrr"",""owner"":""vahe.muselimyan@gmail.com"",""creation"":""2026-04-19 23:24:47.278823"",""modified"":""2026-04-19 23:25:51.175428"",""modified_by"":""vahe.muselimyan@gmail.com"",""docstatus"":0,""idx"":17,""role"":""Item Manager"",""parent"":""levonaghinyan77@gmail.com"",""parentfield"":""roles"",""parenttype"":""User"",""doctype"":""Has Role""},{""name"":""ejoft74v1h"",""owner"":""vahe.muselimyan@gmail.com"",""creation"":""2026-04-19 23:24:47.278823"",""modified"":""2026-04-19 23:25:51.175428"",""modified_by"":""vahe.muselimyan@gmail.com"",""docstatus"":0,""idx"":18,""role"":""Knowledge Base Contributor"",""parent"":""levonaghinyan77@gmail.com"",""parentfield"":""roles"",""parenttype"":""User"",""doctype"":""Has Role""},{""name"":""ejo0kn99c1"",""owner"":""vahe.muselimyan@gmail.com"",""creation"":""2026-04-19 23:24:47.278823"",""modified"":""2026-04-19 23:25:51.175428"",""modified_by"":""vahe.muselimyan@gmail.com"",""docstatus"":0,""idx"":19,""role"":""Knowledge Base Editor"",""parent"":""levonaghinyan77@gmail.com"",""parentfield"":""roles"",""parenttype"":""User"",""doctype"":""Has Role""},{""name"":""ejol75v5fo"",""owner"":""vahe.muselimyan@gmail.com"",""creation"":""2026-04-19 23:24:47.278823"",""modified"":""2026-04-19 23:25:51.175428"",""modified_by"":""vahe.muselimyan@gmail.com"",""docstatus"":0,""idx"":20,""role"":""Maintenance Manager"",""parent"":""levonaghinyan77@gmail.com"",""parentfield"":""roles"",""parenttype"":""User"",""doctype"":""Has Role""},{""name"":""ejoeekc9dg"",""owner"":""vahe.muselimyan@gmail.com"",""creation"":""2026-04-19 23:24:47.278823"",""modified"":""2026-04-19 23:25:51.175428"",""modified_by"":""vahe.muselimyan@gmail.com"",""docstatus"":0,""idx"":21,""role"":""Maintenance User"",""parent"":""levonaghinyan77@gmail.com"",""parentfield"":""roles"",""parenttype"":""User"",""doctype"":""Has Role""},{""name"":""ejond35egd"",""owner"":""vahe.muselimyan@gmail.com"",""creation"":""2026-04-19 23:24:47.278823"",""modified"":""2026-04-19 23:25:51.175428"",""modified_by"":""vahe.muselimyan@gmail.com"",""docstatus"":0,""idx"":22,""role"":""Manufacturing Manager"",""parent"":""levonaghinyan77@gmail.com"",""parentfield"":""roles"",""parenttype"":""User"",""doctype"":""Has Role""},{""name"":""ejosu1c2h2"",""owner"":""vahe.muselimyan@gmail.com"",""creation"":""2026-04-19 23:24:47.278823"",""modified"":""2026-04-19 23:25:51.175428"",""modified_by"":""vahe.muselimyan@gmail.com"",""docstatus"":0,""idx"":23,""role"":""Manufacturing User"",""parent"":""levonaghinyan77@gmail.com"",""parentfield"":""roles"",""parenttype"":""User"",""doctype"":""Has Role""},{""name"":""ejo5cshm45"",""owner"":""vahe.muselimyan@gmail.com"",""creation"":""2026-04-19 23:24:47.278823"",""modified"":""2026-04-19 23:25:51.175428"",""modified_by"":""vahe.muselimyan@gmail.com"",""docstatus"":0,""idx"":24,""role"":""Marketing Manager"",""parent"":""levonaghinyan77@gmail.com"",""parentfield"":""roles"",""parenttype"":""User"",""doctype"":""Has Role""},{""name"":""ejou3l4n2n"",""owner"":""vahe.muselimyan@gmail.com"",""creation"":""2026-04-19 23:24:47.278823"",""modified"":""2026-04-19 23:25:51.175428"",""modified_by"":""vahe.muselimyan@gmail.com"",""docstatus"":0,""idx"":25,""role"":""Newsletter Manager"",""parent"":""levonaghinyan77@gmail.com"",""parentfield"":""roles"",""parenttype"":""User"",""doctype"":""Has Role""},{""name"":""ejoecreb2k"",""owner"":""vahe.muselimyan@gmail.com"",""creation"":""2026-04-19 23:24:47.278823"",""modified"":""2026-04-19 23:25:51.175428"",""modified_by"":""vahe.muselimyan@gmail.com"",""docstatus"":0,""idx"":26,""role"":""Prepared Report User"",""parent"":""levonaghinyan77@gmail.com"",""parentfield"":""roles"",""parenttype"":""User"",""doctype"":""Has Role""},{""name"":""ejorrheoha"",""owner"":""vahe.muselimyan@gmail.com"",""creation"":""2026-04-19 23:24:47.278823"",""modified"":""2026-04-19 23:25:51.175428"",""modified_by"":""vahe.muselimyan@gmail.com"",""docstatus"":0,""idx"":27,""role"":""Projects Manager"",""parent"":""levonaghinyan77@gmail.com"",""parentfield"":""roles"",""parenttype"":""User"",""doctype"":""Has Role""},{""name"":""ejoeie0kmk"",""owner"":""vahe.muselimyan@gmail.com"",""creation"":""2026-04-19 23:24:47.278823"",""modified"":""2026-04-19 23:25:51.175428"",""modified_by"":""vahe.muselimyan@gmail.com"",""docstatus"":0,""idx"":28,""role"":""Projects User"",""parent"":""levonaghinyan77@gmail.com"",""parentfield"":""roles"",""parenttype"":""User"",""doctype"":""Has Role""},{""name"":""ejo79l8963"",""owner"":""vahe.muselimyan@gmail.com"",""creation"":""2026-04-19 23:24:47.278823"",""modified"":""2026-04-19 23:25:51.175428"",""modified_by"":""vahe.muselimyan@gmail.com"",""docstatus"":0,""idx"":29,""role"":""Purchase Manager"",""parent"":""levonaghinyan77@gmail.com"",""parentfield"":""roles"",""parenttype"":""User"",""doctype"":""Has Role""},{""name"":""ejopov1adb"",""owner"":""vahe.muselimyan@gmail.com"",""creation"":""2026-04-19 23:24:47.278823"",""modified"":""2026-04-19 23:25:51.175428"",""modified_by"":""vahe.muselimyan@gmail.com"",""docstatus"":0,""idx"":30,""role"":""Purchase Master Manager"",""parent"":""levonaghinyan77@gmail.com"",""parentfield"":""roles"",""parenttype"":""User"",""doctype"":""Has Role""},{""name"":""ejog3rfjev"",""owner"":""vahe.muselimyan@gmail.com"",""creation"":""2026-04-19 23:24:47.278823"",""modified"":""2026-04-19 23:25:51.175428"",""modified_by"":""vahe.muselimyan@gmail.com"",""docstatus"":0,""idx"":31,""role"":""Purchase User"",""parent"":""levonaghinyan77@gmail.com"",""parentfield"":""roles"",""parenttype"":""User"",""doctype"":""Has Role""},{""name"":""ejo2b26a2r"",""owner"":""vahe.muselimyan@gmail.com"",""creation"":""2026-04-19 23:24:47.278823"",""modified"":""2026-04-19 23:25:51.175428"",""modified_by"":""vahe.muselimyan@gmail.com"",""docstatus"":0,""idx"":32,""role"":""Quality Manager"",""parent"":""levonaghinyan77@gmail.com"",""parentfield"":""roles"",""parenttype"":""User"",""doctype"":""Has Role""},{""name"":""ejoqraljr5"",""owner"":""vahe.muselimyan@gmail.com"",""creation"":""2026-04-19 23:24:47.278823"",""modified"":""2026-04-19 23:25:51.175428"",""modified_by"":""vahe.muselimyan@gmail.com"",""docstatus"":0,""idx"":33,""role"":""Report Manager"",""parent"":""levonaghinyan77@gmail.com"",""parentfield"":""roles"",""parenttype"":""User"",""doctype"":""Has Role""},{""name"":""ejopvov2b8"",""owner"":""vahe.muselimyan@gmail.com"",""creation"":""2026-04-19 23:24:47.278823"",""modified"":""2026-04-19 23:25:51.175428"",""modified_by"":""vahe.muselimyan@gmail.com"",""docstatus"":0,""idx"":34,""role"":""Sales Manager"",""parent"":""levonaghinyan77@gmail.com"",""parentfield"":""roles"",""parenttype"":""User"",""doctype"":""Has Role""},{""name"":""ejoqpr8hmj"",""owner"":""vahe.muselimyan@gmail.com"",""creation"":""2026-04-19 23:24:47.278823"",""modified"":""2026-04-19 23:25:51.175428"",""modified_by"":""vahe.muselimyan@gmail.com"",""docstatus"":0,""idx"":35,""role"":""Sales Master Manager"",""parent"":""levonaghinyan77@gmail.com"",""parentfield"":""roles"",""parenttype"":""User"",""doctype"":""Has Role""},{""name"":""ejo1gb80ip"",""owner"":""vahe.muselimyan@gmail.com"",""creation"":""2026-04-19 23:24:47.278823"",""modified"":""2026-04-19 23:25:51.175428"",""modified_by"":""vahe.muselimyan@gmail.com"",""docstatus"":0,""idx"":36,""role"":""Sales User"",""parent"":""levonaghinyan77@gmail.com"",""parentfield"":""roles"",""parenttype"":""User"",""doctype"":""Has Role""},{""name"":""ejofd8j9jk"",""owner"":""vahe.muselimyan@gmail.com"",""creation"":""2026-04-19 23:24:47.278823"",""modified"":""2026-04-19 23:25:51.175428"",""modified_by"":""vahe.muselimyan@gmail.com"",""docstatus"":0,""idx"":37,""role"":""Script Manager"",""parent"":""levonaghinyan77@gmail.com"",""parentfield"":""roles"",""parenttype"":""User"",""doctype"":""Has Role""},{""name"":""ejogbcmlsv"",""owner"":""vahe.muselimyan@gmail.com"",""creation"":""2026-04-19 23:24:47.278823"",""modified"":""2026-04-19 23:25:51.175428"",""modified_by"":""vahe.muselimyan@gmail.com"",""docstatus"":0,""idx"":38,""role"":""Stock Manager"",""parent"":""levonaghinyan77@gmail.com"",""parentfield"":""roles"",""parenttype"":""User"",""doctype"":""Has Role""},{""name"":""ejoiu5ipuo"",""owner"":""vahe.muselimyan@gmail.com"",""creation"":""2026-04-19 23:24:47.278823"",""modified"":""2026-04-19 23:25:51.175428"",""modified_by"":""vahe.muselimyan@gmail.com"",""docstatus"":0,""idx"":39,""role"":""Stock User"",""parent"":""levonaghinyan77@gmail.com"",""parentfield"":""roles"",""parenttype"":""User"",""doctype"":""Has Role""},{""name"":""ejoevop1bd"",""owner"":""vahe.muselimyan@gmail.com"",""creation"":""2026-04-19 23:24:47.278823"",""modified"":""2026-04-19 23:25:51.175428"",""modified_by"":""vahe.muselimyan@gmail.com"",""docstatus"":0,""idx"":40,""role"":""Supplier"",""parent"":""levonaghinyan77@gmail.com"",""parentfield"":""roles"",""parenttype"":""User"",""doctype"":""Has Role""},{""name"":""ejojdmhhvf"",""owner"":""vahe.muselimyan@gmail.com"",""creation"":""2026-04-19 23:24:47.278823"",""modified"":""2026-04-19 23:25:51.175428"",""modified_by"":""vahe.muselimyan@gmail.com"",""docstatus"":0,""idx"":41,""role"":""Support Team"",""parent"":""levonaghinyan77@gmail.com"",""parentfield"":""roles"",""parenttype"":""User"",""doctype"":""Has Role""},{""name"":""ejo5kv2lkf"",""owner"":""vahe.muselimyan@gmail.com"",""creation"":""2026-04-19 23:24:47.278823"",""modified"":""2026-04-19 23:25:51.175428"",""modified_by"":""vahe.muselimyan@gmail.com"",""docstatus"":0,""idx"":42,""role"":""Translator"",""parent"":""levonaghinyan77@gmail.com"",""parentfield"":""roles"",""parenttype"":""User"",""doctype"":""Has Role""},{""name"":""ejo5m0ku44"",""owner"":""vahe.muselimyan@gmail.com"",""creation"":""2026-04-19 23:24:47.278823"",""modified"":""2026-04-19 23:25:51.175428"",""modified_by"":""vahe.muselimyan@gmail.com"",""docstatus"":0,""idx"":43,""role"":""Website Manager"",""parent"":""levonaghinyan77@gmail.com"",""parentfield"":""roles"",""parenttype"":""User"",""doctype"":""Has Role""},{""name"":""ejoesgfa1a"",""owner"":""vahe.muselimyan@gmail.com"",""creation"":""2026-04-19 23:24:47.278823"",""modified"":""2026-04-19 23:25:51.175428"",""modified_by"":""vahe.muselimyan@gmail.com"",""docstatus"":0,""idx"":44,""role"":""Workspace Manager"",""parent"":""levonaghinyan77@gmail.com"",""parentfield"":""roles"",""parenttype"":""User"",""doctype"":""Has Role""}]","","","","{""name"":""dvqrr3778o"",""owner"":""vahe.muselimyan@gmail.com"",""creation"":""2026-04-19 23:24:47.434327"",""modified"":""2026-04-19 23:25:51.175428"",""modified_by"":""vahe.muselimyan@gmail.com"",""docstatus"":0,""idx"":1,""provider"":""frappe"",""userid"":""d44e1a07e4737b8a09626c9538fbfc5ad02c52c"",""parent"":""levonaghinyan77@gmail.com"",""parentfield"":""social_logins"",""parenttype"":""User"",""doctype"":""User Social Login""}",""
"directors.team@example.com","vahe.muselimyan@gmail.com","2026-05-08 20:40:33.860334","2026-05-08 23:55:52.360464","vahe.muselimyan@gmail.com","0","0","1","directors.team@example.com","Directors Team",,"Directors Team","directors_team","en","Asia/Yerevan","1","0","0","Light","vscode","1","1","1","1","1","1","0","1","1","0","","1","0","Daily","0","0","0","0","0","1","0","1","2","0","System User","0","0","{}","User","","{""name"":""d2832kmmhe"",""owner"":""vahe.muselimyan@gmail.com"",""creation"":""2026-05-08 20:40:33.860334"",""modified"":""2026-05-08 23:55:52.360464"",""modified_by"":""vahe.muselimyan@gmail.com"",""docstatus"":0,""idx"":1,""role"":""Ops - Directors"",""parent"":""directors.team@example.com"",""parentfield"":""roles"",""parenttype"":""User"",""doctype"":""Has Role""}","","","","{""name"":""d0isniqgo2"",""owner"":""vahe.muselimyan@gmail.com"",""creation"":""2026-05-08 20:40:33.895578"",""modified"":""2026-05-08 23:55:52.360464"",""modified_by"":""vahe.muselimyan@gmail.com"",""docstatus"":0,""idx"":1,""provider"":""frappe"",""userid"":""41cf81a9bd5267a83fad00ca08e7b5cd6467b6b"",""parent"":""directors.team@example.com"",""parentfield"":""social_logins"",""parenttype"":""User"",""doctype"":""User Social Login""}",""
"inventory.team@example.com","ai-agent@internal.com","2026-05-06 16:57:10.879853","2026-05-08 23:57:40.894331","vahe.muselimyan@gmail.com","0","0","1","inventory.team@example.com","Inventory","Team","Inventory Team","inventory","en","Asia/Yerevan","0","0","0","Light","vscode","1","1","1","1","1","1","0","1","1","0","","1","0","Daily","0","0","0","0","0","1","0","1","2","0","System User","0","0","{}","User","","{""name"":""ik4hfhhetj"",""owner"":""ai-agent@internal.com"",""creation"":""2026-05-06 16:57:10.879853"",""modified"":""2026-05-08 23:57:40.894331"",""modified_by"":""vahe.muselimyan@gmail.com"",""docstatus"":0,""idx"":1,""role"":""Ops - Inventory"",""parent"":""inventory.team@example.com"",""parentfield"":""roles"",""parenttype"":""User"",""doctype"":""Has Role""}","","","","{""name"":""ik702hpv90"",""owner"":""ai-agent@internal.com"",""creation"":""2026-05-06 16:57:11.109953"",""modified"":""2026-05-08 23:57:40.894331"",""modified_by"":""vahe.muselimyan@gmail.com"",""docstatus"":0,""idx"":1,""provider"":""frappe"",""userid"":""11ca1b70c4ec5c01f78bf47c397f43d3cd5c2b9"",""parent"":""inventory.team@example.com"",""parentfield"":""social_logins"",""parenttype"":""User"",""doctype"":""User Social Login""}",""
"vahe.muselimyan@gmail.com","Administrator","2026-04-19 23:12:08.985126","2026-05-08 23:57:14.173854","vahe.muselimyan@gmail.com","0","0","1","vahe.muselimyan@gmail.com","Vahe","Muselimyan","Vahe Muselimyan","vahe","en","Asia/Yerevan","1","0","0","Light","vscode","1","1","1","1","1","1","0","1","1","0","","1","0","Daily","0","0","0","0","0","1","0","1","2","0","System User","0","0","{}","User","","[{""name"":""6iqaus37sl"",""owner"":""Administrator"",""creation"":""2026-04-19 23:12:08.985126"",""modified"":""2026-05-08 23:57:14.173854"",""modified_by"":""vahe.muselimyan@gmail.com"",""docstatus"":0,""idx"":1,""role"":""HR User"",""parent"":""vahe.muselimyan@gmail.com"",""parentfield"":""roles"",""parenttype"":""User"",""doctype"":""Has Role""},{""name"":""6iqg59oh2l"",""owner"":""Administrator"",""creation"":""2026-04-19 23:12:08.985126"",""modified"":""2026-05-08 23:57:14.173854"",""modified_by"":""vahe.muselimyan@gmail.com"",""docstatus"":0,""idx"":2,""role"":""Manufacturing User"",""parent"":""vahe.muselimyan@gmail.com"",""parentfield"":""roles"",""parenttype"":""User"",""doctype"":""Has Role""},{""name"":""6iq38ft9ct"",""owner"":""Administrator"",""creation"":""2026-04-19 23:12:08.985126"",""modified"":""2026-05-08 23:57:14.173854"",""modified_by"":""vahe.muselimyan@gmail.com"",""docstatus"":0,""idx"":3,""role"":""Sales Master Manager"",""parent"":""vahe.muselimyan@gmail.com"",""parentfield"":""roles"",""parenttype"":""User"",""doctype"":""Has Role""},{""name"":""6iqvqrhq90"",""owner"":""Administrator"",""creation"":""2026-04-19 23:12:08.985126"",""modified"":""2026-05-08 23:57:14.173854"",""modified_by"":""vahe.muselimyan@gmail.com"",""docstatus"":0,""idx"":4,""role"":""Maintenance Manager"",""parent"":""vahe.muselimyan@gmail.com"",""parentfield"":""roles"",""parenttype"":""User"",""doctype"":""Has Role""},{""name"":""6iq8pdng3f"",""owner"":""Administrator"",""creation"":""2026-04-19 23:12:08.985126"",""modified"":""2026-05-08 23:57:14.173854"",""modified_by"":""vahe.muselimyan@gmail.com"",""docstatus"":0,""idx"":5,""role"":""Translator"",""parent"":""vahe.muselimyan@gmail.com"",""parentfield"":""roles"",""parenttype"":""User"",""doctype"":""Has Role""},{""name"":""6iqhf7sr62"",""owner"":""Administrator"",""creation"":""2026-04-19 23:12:08.985126"",""modified"":""2026-05-08 23:57:14.173854"",""modified_by"":""vahe.muselimyan@gmail.com"",""docstatus"":0,""idx"":6,""role"":""Website Manager"",""parent"":""vahe.muselimyan@gmail.com"",""parentfield"":""roles"",""parenttype"":""User"",""doctype"":""Has Role""},{""name"":""6iqiqbgnjv"",""owner"":""Administrator"",""creation"":""2026-04-19 23:12:08.985126"",""modified"":""2026-05-08 23:57:14.173854"",""modified_by"":""vahe.muselimyan@gmail.com"",""docstatus"":0,""idx"":7,""role"":""Accounts Manager"",""parent"":""vahe.muselimyan@gmail.com"",""parentfield"":""roles"",""parenttype"":""User"",""doctype"":""Has Role""},{""name"":""6iqrnaml5c"",""owner"":""Administrator"",""creation"":""2026-04-19 23:12:08.985126"",""modified"":""2026-05-08 23:57:14.173854"",""modified_by"":""vahe.muselimyan@gmail.com"",""docstatus"":0,""idx"":8,""role"":""Academics User"",""parent"":""vahe.muselimyan@gmail.com"",""parentfield"":""roles"",""parenttype"":""User"",""doctype"":""Has Role""},{""name"":""6iq9mld2uk"",""owner"":""Administrator"",""creation"":""2026-04-19 23:12:08.985126"",""modified"":""2026-05-08 23:57:14.173854"",""modified_by"":""vahe.muselimyan@gmail.com"",""docstatus"":0,""idx"":9,""role"":""Purchase Master Manager"",""parent"":""vahe.muselimyan@gmail.com"",""parentfield"":""roles"",""parenttype"":""User"",""doctype"":""Has Role""},{""name"":""6iqe2u5rdo"",""owner"":""Administrator"",""creation"":""2026-04-19 23:12:08.985126"",""modified"":""2026-05-08 23:57:14.173854"",""modified_by"":""vahe.muselimyan@gmail.com"",""docstatus"":0,""idx"":10,""role"":""Fulfillment User"",""parent"":""vahe.muselimyan@gmail.com"",""parentfield"":""roles"",""parenttype"":""User"",""doctype"":""Has Role""},{""name"":""6iq647m1rq"",""owner"":""Administrator"",""creation"":""2026-04-19 23:12:08.985126"",""modified"":""2026-05-08 23:57:14.173854"",""modified_by"":""vahe.muselimyan@gmail.com"",""docstatus"":0,""idx"":11,""role"":""Dashboard Manager"",""parent"":""vahe.muselimyan@gmail.com"",""parentfield"":""roles"",""parenttype"":""User"",""doctype"":""Has Role""},{""name"":""6iqg4d24le"",""owner"":""Administrator"",""creation"":""2026-04-19 23:12:08.985126"",""modified"":""2026-05-08 23:57:14.173854"",""modified_by"":""vahe.muselimyan@gmail.com"",""docstatus"":0,""idx"":12,""role"":""Manufacturing Manager"",""parent"":""vahe.muselimyan@gmail.com"",""parentfield"":""roles"",""parenttype"":""User"",""doctype"":""Has Role""},{""name"":""6iqgbjcrg7"",""owner"":""Administrator"",""creation"":""2026-04-19 23:12:08.985126"",""modified"":""2026-05-08 23:57:14.173854"",""modified_by"":""vahe.muselimyan@gmail.com"",""docstatus"":0,""idx"":13,""role"":""Support Team"",""parent"":""vahe.muselimyan@gmail.com"",""parentfield"":""roles"",""parenttype"":""User"",""doctype"":""Has Role""},{""name"":""6iqejn8qgl"",""owner"":""Administrator"",""creation"":""2026-04-19 23:12:08.985126"",""modified"":""2026-05-08 23:57:14.173854"",""modified_by"":""vahe.muselimyan@gmail.com"",""docstatus"":0,""idx"":14,""role"":""HR Manager"",""parent"":""vahe.muselimyan@gmail.com"",""parentfield"":""roles"",""parenttype"":""User"",""doctype"":""Has Role""},{""name"":""6iq3ompdk6"",""owner"":""Administrator"",""creation"":""2026-04-19 23:12:08.985126"",""modified"":""2026-05-08 23:57:14.173854"",""modified_by"":""vahe.muselimyan@gmail.com"",""docstatus"":0,""idx"":15,""role"":""Report Manager"",""parent"":""vahe.muselimyan@gmail.com"",""parentfield"":""roles"",""parenttype"":""User"",""doctype"":""Has Role""},{""name"":""6iq0c3ouhf"",""owner"":""Administrator"",""creation"":""2026-04-19 23:12:08.985126"",""modified"":""2026-05-08 23:57:14.173854"",""modified_by"":""vahe.muselimyan@gmail.com"",""docstatus"":0,""idx"":16,""role"":""System Manager"",""parent"":""vahe.muselimyan@gmail.com"",""parentfield"":""roles"",""parenttype"":""User"",""doctype"":""Has Role""},{""name"":""6iq099u6d4"",""owner"":""Administrator"",""creation"":""2026-04-19 23:12:08.985126"",""modified"":""2026-05-08 23:57:14.173854"",""modified_by"":""vahe.muselimyan@gmail.com"",""docstatus"":0,""idx"":17,""role"":""Knowledge Base Contributor"",""parent"":""vahe.muselimyan@gmail.com"",""parentfield"":""roles"",""parenttype"":""User"",""doctype"":""Has Role""},{""name"":""6iqrp3rdgd"",""owner"":""Administrator"",""creation"":""2026-04-19 23:12:08.985126"",""modified"":""2026-05-08 23:57:14.173854"",""modified_by"":""vahe.muselimyan@gmail.com"",""docstatus"":0,""idx"":18,""role"":""Prepared Report User"",""parent"":""vahe.muselimyan@gmail.com"",""parentfield"":""roles"",""parenttype"":""User"",""doctype"":""Has Role""},{""name"":""6iq8gbsr41"",""owner"":""Administrator"",""creation"":""2026-04-19 23:12:08.985126"",""modified"":""2026-05-08 23:57:14.173854"",""modified_by"":""vahe.muselimyan@gmail.com"",""docstatus"":0,""idx"":19,""role"":""Delivery Manager"",""parent"":""vahe.muselimyan@gmail.com"",""parentfield"":""roles"",""parenttype"":""User"",""doctype"":""Has Role""},{""name"":""6iqm9slog1"",""owner"":""Administrator"",""creation"":""2026-04-19 23:12:08.985126"",""modified"":""2026-05-08 23:57:14.173854"",""modified_by"":""vahe.muselimyan@gmail.com"",""docstatus"":0,""idx"":20,""role"":""Item Manager"",""parent"":""vahe.muselimyan@gmail.com"",""parentfield"":""roles"",""parenttype"":""User"",""doctype"":""Has Role""},{""name"":""6iqoub3hj2"",""owner"":""Administrator"",""creation"":""2026-04-19 23:12:08.985126"",""modified"":""2026-05-08 23:57:14.173854"",""modified_by"":""vahe.muselimyan@gmail.com"",""docstatus"":0,""idx"":21,""role"":""Stock Manager"",""parent"":""vahe.muselimyan@gmail.com"",""parentfield"":""roles"",""parenttype"":""User"",""doctype"":""Has Role""},{""name"":""6iq4arnse2"",""owner"":""Administrator"",""creation"":""2026-04-19 23:12:08.985126"",""modified"":""2026-05-08 23:57:14.173854"",""modified_by"":""vahe.muselimyan@gmail.com"",""docstatus"":0,""idx"":22,""role"":""Quality Manager"",""parent"":""vahe.muselimyan@gmail.com"",""parentfield"":""roles"",""parenttype"":""User"",""doctype"":""Has Role""},{""name"":""6iql8tj5jc"",""owner"":""Administrator"",""creation"":""2026-04-19 23:12:08.985126"",""modified"":""2026-05-08 23:57:14.173854"",""modified_by"":""vahe.muselimyan@gmail.com"",""docstatus"":0,""idx"":23,""role"":""Sales User"",""parent"":""vahe.muselimyan@gmail.com"",""parentfield"":""roles"",""parenttype"":""User"",""doctype"":""Has Role""},{""name"":""6iq2fd9jv5"",""owner"":""Administrator"",""creation"":""2026-04-19 23:12:08.985126"",""modified"":""2026-05-08 23:57:14.173854"",""modified_by"":""vahe.muselimyan@gmail.com"",""docstatus"":0,""idx"":24,""role"":""Newsletter Manager"",""parent"":""vahe.muselimyan@gmail.com"",""parentfield"":""roles"",""parenttype"":""User"",""doctype"":""Has Role""},{""name"":""6iq07j8d6n"",""owner"":""Administrator"",""creation"":""2026-04-19 23:12:08.985126"",""modified"":""2026-05-08 23:57:14.173854"",""modified_by"":""vahe.muselimyan@gmail.com"",""docstatus"":0,""idx"":25,""role"":""Accounts User"",""parent"":""vahe.muselimyan@gmail.com"",""parentfield"":""roles"",""parenttype"":""User"",""doctype"":""Has Role""},{""name"":""6iqg8he7ms"",""owner"":""Administrator"",""creation"":""2026-04-19 23:12:08.985126"",""modified"":""2026-05-08 23:57:14.173854"",""modified_by"":""vahe.muselimyan@gmail.com"",""docstatus"":0,""idx"":26,""role"":""Knowledge Base Editor"",""parent"":""vahe.muselimyan@gmail.com"",""parentfield"":""roles"",""parenttype"":""User"",""doctype"":""Has Role""},{""name"":""6iqaqgt1ba"",""owner"":""Administrator"",""creation"":""2026-04-19 23:12:08.985126"",""modified"":""2026-05-08 23:57:14.173854"",""modified_by"":""vahe.muselimyan@gmail.com"",""docstatus"":0,""idx"":27,""role"":""Purchase User"",""parent"":""vahe.muselimyan@gmail.com"",""parentfield"":""roles"",""parenttype"":""User"",""doctype"":""Has Role""},{""name"":""6iq6bifs5m"",""owner"":""Administrator"",""creation"":""2026-04-19 23:12:08.985126"",""modified"":""2026-05-08 23:57:14.173854"",""modified_by"":""vahe.muselimyan@gmail.com"",""docstatus"":0,""idx"":28,""role"":""Marketing Manager"",""parent"":""vahe.muselimyan@gmail.com"",""parentfield"":""roles"",""parenttype"":""User"",""doctype"":""Has Role""},{""name"":""6iq6i2kvrc"",""owner"":""Administrator"",""creation"":""2026-04-19 23:12:08.985126"",""modified"":""2026-05-08 23:57:14.173854"",""modified_by"":""vahe.muselimyan@gmail.com"",""docstatus"":0,""idx"":29,""role"":""Inbox User"",""parent"":""vahe.muselimyan@gmail.com"",""parentfield"":""roles"",""parenttype"":""User"",""doctype"":""Has Role""},{""name"":""6iqn8t7cn8"",""owner"":""Administrator"",""creation"":""2026-04-19 23:12:08.985126"",""modified"":""2026-05-08 23:57:14.173854"",""modified_by"":""vahe.muselimyan@gmail.com"",""docstatus"":0,""idx"":30,""role"":""Delivery User"",""parent"":""vahe.muselimyan@gmail.com"",""parentfield"":""roles"",""parenttype"":""User"",""doctype"":""Has Role""},{""name"":""6iq3n6o8q2"",""owner"":""Administrator"",""creation"":""2026-04-19 23:12:08.985126"",""modified"":""2026-05-08 23:57:14.173854"",""modified_by"":""vahe.muselimyan@gmail.com"",""docstatus"":0,""idx"":31,""role"":""Projects Manager"",""parent"":""vahe.muselimyan@gmail.com"",""parentfield"":""roles"",""parenttype"":""User"",""doctype"":""Has Role""},{""name"":""6iq6chhap8"",""owner"":""Administrator"",""creation"":""2026-04-19 23:12:08.985126"",""modified"":""2026-05-08 23:57:14.173854"",""modified_by"":""vahe.muselimyan@gmail.com"",""docstatus"":0,""idx"":32,""role"":""Auditor"",""parent"":""vahe.muselimyan@gmail.com"",""parentfield"":""roles"",""parenttype"":""User"",""doctype"":""Has Role""},{""name"":""6iqioouk06"",""owner"":""Administrator"",""creation"":""2026-04-19 23:12:08.985126"",""modified"":""2026-05-08 23:57:14.173854"",""modified_by"":""vahe.muselimyan@gmail.com"",""docstatus"":0,""idx"":33,""role"":""Maintenance User"",""parent"":""vahe.muselimyan@gmail.com"",""parentfield"":""roles"",""parenttype"":""User"",""doctype"":""Has Role""},{""name"":""6iqrf4gb7s"",""owner"":""Administrator"",""creation"":""2026-04-19 23:12:08.985126"",""modified"":""2026-05-08 23:57:14.173854"",""modified_by"":""vahe.muselimyan@gmail.com"",""docstatus"":0,""idx"":34,""role"":""Sales Manager"",""parent"":""vahe.muselimyan@gmail.com"",""parentfield"":""roles"",""parenttype"":""User"",""doctype"":""Has Role""},{""name"":""6iqmvt8oka"",""owner"":""Administrator"",""creation"":""2026-04-19 23:12:08.985126"",""modified"":""2026-05-08 23:57:14.173854"",""modified_by"":""vahe.muselimyan@gmail.com"",""docstatus"":0,""idx"":35,""role"":""Purchase Manager"",""parent"":""vahe.muselimyan@gmail.com"",""parentfield"":""roles"",""parenttype"":""User"",""doctype"":""Has Role""},{""name"":""6iqhmbjjk3"",""owner"":""Administrator"",""creation"":""2026-04-19 23:12:08.985126"",""modified"":""2026-05-08 23:57:14.173854"",""modified_by"":""vahe.muselimyan@gmail.com"",""docstatus"":0,""idx"":36,""role"":""Script Manager"",""parent"":""vahe.muselimyan@gmail.com"",""parentfield"":""roles"",""parenttype"":""User"",""doctype"":""Has Role""},{""name"":""6iq5do8m3l"",""owner"":""Administrator"",""creation"":""2026-04-19 23:12:08.985126"",""modified"":""2026-05-08 23:57:14.173854"",""modified_by"":""vahe.muselimyan@gmail.com"",""docstatus"":0,""idx"":37,""role"":""Stock User"",""parent"":""vahe.muselimyan@gmail.com"",""parentfield"":""roles"",""parenttype"":""User"",""doctype"":""Has Role""},{""name"":""6iqacvmo1e"",""owner"":""Administrator"",""creation"":""2026-04-19 23:12:08.985126"",""modified"":""2026-05-08 23:57:14.173854"",""modified_by"":""vahe.muselimyan@gmail.com"",""docstatus"":0,""idx"":38,""role"":""Workspace Manager"",""parent"":""vahe.muselimyan@gmail.com"",""parentfield"":""roles"",""parenttype"":""User"",""doctype"":""Has Role""},{""name"":""6iqbhoadol"",""owner"":""Administrator"",""creation"":""2026-04-19 23:12:08.985126"",""modified"":""2026-05-08 23:57:14.173854"",""modified_by"":""vahe.muselimyan@gmail.com"",""docstatus"":0,""idx"":39,""role"":""Projects User"",""parent"":""vahe.muselimyan@gmail.com"",""parentfield"":""roles"",""parenttype"":""User"",""doctype"":""Has Role""},{""name"":""6iqmg17d2b"",""owner"":""Administrator"",""creation"":""2026-04-19 23:12:08.985126"",""modified"":""2026-05-08 23:57:14.173854"",""modified_by"":""vahe.muselimyan@gmail.com"",""docstatus"":0,""idx"":40,""role"":""Analytics"",""parent"":""vahe.muselimyan@gmail.com"",""parentfield"":""roles"",""parenttype"":""User"",""doctype"":""Has Role""},{""name"":""6iqdbh4t55"",""owner"":""Administrator"",""creation"":""2026-04-19 23:12:08.985126"",""modified"":""2026-05-08 23:57:14.173854"",""modified_by"":""vahe.muselimyan@gmail.com"",""docstatus"":0,""idx"":41,""role"":""Fleet Manager"",""parent"":""vahe.muselimyan@gmail.com"",""parentfield"":""roles"",""parenttype"":""User"",""doctype"":""Has Role""},{""name"":""f2dd6su9c5"",""owner"":""vahe.muselimyan@gmail.com"",""creation"":""2026-04-19 23:12:08.985126"",""modified"":""2026-05-08 23:57:14.173854"",""modified_by"":""vahe.muselimyan@gmail.com"",""docstatus"":0,""idx"":42,""role"":""Customer"",""parent"":""vahe.muselimyan@gmail.com"",""parentfield"":""roles"",""parenttype"":""User"",""doctype"":""Has Role""},{""name"":""f2dfnrbtc9"",""owner"":""vahe.muselimyan@gmail.com"",""creation"":""2026-04-19 23:12:08.985126"",""modified"":""2026-05-08 23:57:14.173854"",""modified_by"":""vahe.muselimyan@gmail.com"",""docstatus"":0,""idx"":43,""role"":""Supplier"",""parent"":""vahe.muselimyan@gmail.com"",""parentfield"":""roles"",""parenttype"":""User"",""doctype"":""Has Role""},{""name"":""tofar2cf7o"",""owner"":""vahe.muselimyan@gmail.com"",""creation"":""2026-04-19 23:12:08.985126"",""modified"":""2026-05-08 23:57:14.173854"",""modified_by"":""vahe.muselimyan@gmail.com"",""docstatus"":0,""idx"":44,""role"":""Ops - Accounting"",""parent"":""vahe.muselimyan@gmail.com"",""parentfield"":""roles"",""parenttype"":""User"",""doctype"":""Has Role""},{""name"":""tofr21nl5b"",""owner"":""vahe.muselimyan@gmail.com"",""creation"":""2026-04-19 23:12:08.985126"",""modified"":""2026-05-08 23:57:14.173854"",""modified_by"":""vahe.muselimyan@gmail.com"",""docstatus"":0,""idx"":45,""role"":""Ops - Delivery"",""parent"":""vahe.muselimyan@gmail.com"",""parentfield"":""roles"",""parenttype"":""User"",""doctype"":""Has Role""},{""name"":""tof1j2f2g6"",""owner"":""vahe.muselimyan@gmail.com"",""creation"":""2026-04-19 23:12:08.985126"",""modified"":""2026-05-08 23:57:14.173854"",""modified_by"":""vahe.muselimyan@gmail.com"",""docstatus"":0,""idx"":46,""role"":""Ops - Directors"",""parent"":""vahe.muselimyan@gmail.com"",""parentfield"":""roles"",""parenttype"":""User"",""doctype"":""Has Role""},{""name"":""tofj5fiv54"",""owner"":""vahe.muselimyan@gmail.com"",""creation"":""2026-04-19 23:12:08.985126"",""modified"":""2026-05-08 23:57:14.173854"",""modified_by"":""vahe.muselimyan@gmail.com"",""docstatus"":0,""idx"":47,""role"":""Ops - Order Accepting"",""parent"":""vahe.muselimyan@gmail.com"",""parentfield"":""roles"",""parenttype"":""User"",""doctype"":""Has Role""},{""name"":""tof8de5s72"",""owner"":""vahe.muselimyan@gmail.com"",""creation"":""2026-04-19 23:12:08.985126"",""modified"":""2026-05-08 23:57:14.173854"",""modified_by"":""vahe.muselimyan@gmail.com"",""docstatus"":0,""idx"":48,""role"":""Ops - Inventory"",""parent"":""vahe.muselimyan@gmail.com"",""parentfield"":""roles"",""parenttype"":""User"",""doctype"":""Has Role""},{""name"":""tofnfa3urj"",""owner"":""vahe.muselimyan@gmail.com"",""creation"":""2026-04-19 23:12:08.985126"",""modified"":""2026-05-08 23:57:14.173854"",""modified_by"":""vahe.muselimyan@gmail.com"",""docstatus"":0,""idx"":49,""role"":""Ops - Returns"",""parent"":""vahe.muselimyan@gmail.com"",""parentfield"":""roles"",""parenttype"":""User"",""doctype"":""Has Role""}]","","","","{""name"":""6irl5kohvd"",""owner"":""Administrator"",""creation"":""2026-04-19 23:12:09.192463"",""modified"":""2026-05-08 23:57:14.173854"",""modified_by"":""vahe.muselimyan@gmail.com"",""docstatus"":0,""idx"":1,""provider"":""frappe"",""userid"":""74ab91df69facd9dc2780424433d60bce8dc528"",""parent"":""vahe.muselimyan@gmail.com"",""parentfield"":""social_logins"",""parenttype"":""User"",""doctype"":""User Social Login""}",""
"order.team@example.com","ai-agent@internal.com","2026-05-06 16:57:10.441810","2026-05-08 23:57:51.439845","vahe.muselimyan@gmail.com","0","0","1","order.team@example.com","Order","Team","Order Team","order","en","Asia/Yerevan","0","0","0","Light","vscode","1","1","1","1","1","1","0","1","1","0","","1","0","Daily","0","0","0","0","0","1","0","1","2","0","System User","0","0","{}","User","","{""name"":""ik0etpbake"",""owner"":""ai-agent@internal.com"",""creation"":""2026-05-06 16:57:10.441810"",""modified"":""2026-05-08 23:57:51.439845"",""modified_by"":""vahe.muselimyan@gmail.com"",""docstatus"":0,""idx"":1,""role"":""Ops - Order Accepting"",""parent"":""order.team@example.com"",""parentfield"":""roles"",""parenttype"":""User"",""doctype"":""Has Role""}","","","","{""name"":""ik1aqjmsq1"",""owner"":""ai-agent@internal.com"",""creation"":""2026-05-06 16:57:10.553239"",""modified"":""2026-05-08 23:57:51.439845"",""modified_by"":""vahe.muselimyan@gmail.com"",""docstatus"":0,""idx"":1,""provider"":""frappe"",""userid"":""949f7cca2b8b7cda06954276a76f45d4d60fe92"",""parent"":""order.team@example.com"",""parentfield"":""social_logins"",""parenttype"":""User"",""doctype"":""User Social Login""}",""
"ai-agent@internal.com","vahe.muselimyan@gmail.com","2026-05-05 15:41:07.447402","2026-05-05 15:42:13.676525","vahe.muselimyan@gmail.com","0","0","1","ai-agent@internal.com","AI Agent",,"AI Agent","ai_agent","en","Asia/Yerevan","0","0","0","Light","vscode","1","1","1","1","1","1","0","1","1","0","","1","0","Daily","0","0","0","0","0","1","0","1","2","0","System User","0","0","{}","User","","[{""name"":""qk857b583r"",""owner"":""vahe.muselimyan@gmail.com"",""creation"":""2026-05-05 15:41:07.447402"",""modified"":""2026-05-05 15:42:13.676525"",""modified_by"":""vahe.muselimyan@gmail.com"",""docstatus"":0,""idx"":1,""role"":""System Manager"",""parent"":""ai-agent@internal.com"",""parentfield"":""roles"",""parenttype"":""User"",""doctype"":""Has Role""},{""name"":""qk8pdfbg64"",""owner"":""vahe.muselimyan@gmail.com"",""creation"":""2026-05-05 15:41:07.447402"",""modified"":""2026-05-05 15:42:13.676525"",""modified_by"":""vahe.muselimyan@gmail.com"",""docstatus"":0,""idx"":2,""role"":""Academics User"",""parent"":""ai-agent@internal.com"",""parentfield"":""roles"",""parenttype"":""User"",""doctype"":""Has Role""},{""name"":""qk8lbiemlt"",""owner"":""vahe.muselimyan@gmail.com"",""creation"":""2026-05-05 15:41:07.447402"",""modified"":""2026-05-05 15:42:13.676525"",""modified_by"":""vahe.muselimyan@gmail.com"",""docstatus"":0,""idx"":3,""role"":""Accounts Manager"",""parent"":""ai-agent@internal.com"",""parentfield"":""roles"",""parenttype"":""User"",""doctype"":""Has Role""},{""name"":""qk8j3j1ft5"",""owner"":""vahe.muselimyan@gmail.com"",""creation"":""2026-05-05 15:41:07.447402"",""modified"":""2026-05-05 15:42:13.676525"",""modified_by"":""vahe.muselimyan@gmail.com"",""docstatus"":0,""idx"":4,""role"":""Accounts User"",""parent"":""ai-agent@internal.com"",""parentfield"":""roles"",""parenttype"":""User"",""doctype"":""Has Role""},{""name"":""qk8t30ep65"",""owner"":""vahe.muselimyan@gmail.com"",""creation"":""2026-05-05 15:41:07.447402"",""modified"":""2026-05-05 15:42:13.676525"",""modified_by"":""vahe.muselimyan@gmail.com"",""docstatus"":0,""idx"":5,""role"":""Analytics"",""parent"":""ai-agent@internal.com"",""parentfield"":""roles"",""parenttype"":""User"",""doctype"":""Has Role""},{""name"":""qk8vr1f5j9"",""owner"":""vahe.muselimyan@gmail.com"",""creation"":""2026-05-05 15:41:07.447402"",""modified"":""2026-05-05 15:42:13.676525"",""modified_by"":""vahe.muselimyan@gmail.com"",""docstatus"":0,""idx"":6,""role"":""Auditor"",""parent"":""ai-agent@internal.com"",""parentfield"":""roles"",""parenttype"":""User"",""doctype"":""Has Role""},{""name"":""qk867ehfup"",""owner"":""vahe.muselimyan@gmail.com"",""creation"":""2026-05-05 15:41:07.447402"",""modified"":""2026-05-05 15:42:13.676525"",""modified_by"":""vahe.muselimyan@gmail.com"",""docstatus"":0,""idx"":7,""role"":""Customer"",""parent"":""ai-agent@internal.com"",""parentfield"":""roles"",""parenttype"":""User"",""doctype"":""Has Role""},{""name"":""qk8phvokqj"",""owner"":""vahe.muselimyan@gmail.com"",""creation"":""2026-05-05 15:41:07.447402"",""modified"":""2026-05-05 15:42:13.676525"",""modified_by"":""vahe.muselimyan@gmail.com"",""docstatus"":0,""idx"":8,""role"":""Dashboard Manager"",""parent"":""ai-agent@internal.com"",""parentfield"":""roles"",""parenttype"":""User"",""doctype"":""Has Role""},{""name"":""qk8rqv4r1a"",""owner"":""vahe.muselimyan@gmail.com"",""creation"":""2026-05-05 15:41:07.447402"",""modified"":""2026-05-05 15:42:13.676525"",""modified_by"":""vahe.muselimyan@gmail.com"",""docstatus"":0,""idx"":9,""role"":""Delivery Manager"",""parent"":""ai-agent@internal.com"",""parentfield"":""roles"",""parenttype"":""User"",""doctype"":""Has Role""},{""name"":""qk8fbra7rp"",""owner"":""vahe.muselimyan@gmail.com"",""creation"":""2026-05-05 15:41:07.447402"",""modified"":""2026-05-05 15:42:13.676525"",""modified_by"":""vahe.muselimyan@gmail.com"",""docstatus"":0,""idx"":10,""role"":""Delivery User"",""parent"":""ai-agent@internal.com"",""parentfield"":""roles"",""parenttype"":""User"",""doctype"":""Has Role""},{""name"":""qk8g0jahr8"",""owner"":""vahe.muselimyan@gmail.com"",""creation"":""2026-05-05 15:41:07.447402"",""modified"":""2026-05-05 15:42:13.676525"",""modified_by"":""vahe.muselimyan@gmail.com"",""docstatus"":0,""idx"":12,""role"":""Fleet Manager"",""parent"":""ai-agent@internal.com"",""parentfield"":""roles"",""parenttype"":""User"",""doctype"":""Has Role""},{""name"":""qk8maiahkf"",""owner"":""vahe.muselimyan@gmail.com"",""creation"":""2026-05-05 15:41:07.447402"",""modified"":""2026-05-05 15:42:13.676525"",""modified_by"":""vahe.muselimyan@gmail.com"",""docstatus"":0,""idx"":13,""role"":""Fulfillment User"",""parent"":""ai-agent@internal.com"",""parentfield"":""roles"",""parenttype"":""User"",""doctype"":""Has Role""},{""name"":""qk8rr7at2d"",""owner"":""vahe.muselimyan@gmail.com"",""creation"":""2026-05-05 15:41:07.447402"",""modified"":""2026-05-05 15:42:13.676525"",""modified_by"":""vahe.muselimyan@gmail.com"",""docstatus"":0,""idx"":14,""role"":""HR Manager"",""parent"":""ai-agent@internal.com"",""parentfield"":""roles"",""parenttype"":""User"",""doctype"":""Has Role""},{""name"":""qk8orurbjc"",""owner"":""vahe.muselimyan@gmail.com"",""creation"":""2026-05-05 15:41:07.447402"",""modified"":""2026-05-05 15:42:13.676525"",""modified_by"":""vahe.muselimyan@gmail.com"",""docstatus"":0,""idx"":15,""role"":""HR User"",""parent"":""ai-agent@internal.com"",""parentfield"":""roles"",""parenttype"":""User"",""doctype"":""Has Role""},{""name"":""qk8p71f8tp"",""owner"":""vahe.muselimyan@gmail.com"",""creation"":""2026-05-05 15:41:07.447402"",""modified"":""2026-05-05 15:42:13.676525"",""modified_by"":""vahe.muselimyan@gmail.com"",""docstatus"":0,""idx"":16,""role"":""Inbox User"",""parent"":""ai-agent@internal.com"",""parentfield"":""roles"",""parenttype"":""User"",""doctype"":""Has Role""},{""name"":""qk8368qodu"",""owner"":""vahe.muselimyan@gmail.com"",""creation"":""2026-05-05 15:41:07.447402"",""modified"":""2026-05-05 15:42:13.676525"",""modified_by"":""vahe.muselimyan@gmail.com"",""docstatus"":0,""idx"":17,""role"":""Item Manager"",""parent"":""ai-agent@internal.com"",""parentfield"":""roles"",""parenttype"":""User"",""doctype"":""Has Role""},{""name"":""qk8kfgqjon"",""owner"":""vahe.muselimyan@gmail.com"",""creation"":""2026-05-05 15:41:07.447402"",""modified"":""2026-05-05 15:42:13.676525"",""modified_by"":""vahe.muselimyan@gmail.com"",""docstatus"":0,""idx"":18,""role"":""Knowledge Base Contributor"",""parent"":""ai-agent@internal.com"",""parentfield"":""roles"",""parenttype"":""User"",""doctype"":""Has Role""},{""name"":""qk81qsr39j"",""owner"":""vahe.muselimyan@gmail.com"",""creation"":""2026-05-05 15:41:07.447402"",""modified"":""2026-05-05 15:42:13.676525"",""modified_by"":""vahe.muselimyan@gmail.com"",""docstatus"":0,""idx"":19,""role"":""Knowledge Base Editor"",""parent"":""ai-agent@internal.com"",""parentfield"":""roles"",""parenttype"":""User"",""doctype"":""Has Role""},{""name"":""qk8v8pd8kc"",""owner"":""vahe.muselimyan@gmail.com"",""creation"":""2026-05-05 15:41:07.447402"",""modified"":""2026-05-05 15:42:13.676525"",""modified_by"":""vahe.muselimyan@gmail.com"",""docstatus"":0,""idx"":20,""role"":""Maintenance Manager"",""parent"":""ai-agent@internal.com"",""parentfield"":""roles"",""parenttype"":""User"",""doctype"":""Has Role""},{""name"":""qk8cblivtg"",""owner"":""vahe.muselimyan@gmail.com"",""creation"":""2026-05-05 15:41:07.447402"",""modified"":""2026-05-05 15:42:13.676525"",""modified_by"":""vahe.muselimyan@gmail.com"",""docstatus"":0,""idx"":21,""role"":""Maintenance User"",""parent"":""ai-agent@internal.com"",""parentfield"":""roles"",""parenttype"":""User"",""doctype"":""Has Role""},{""name"":""qk82ojkn9o"",""owner"":""vahe.muselimyan@gmail.com"",""creation"":""2026-05-05 15:41:07.447402"",""modified"":""2026-05-05 15:42:13.676525"",""modified_by"":""vahe.muselimyan@gmail.com"",""docstatus"":0,""idx"":22,""role"":""Manufacturing Manager"",""parent"":""ai-agent@internal.com"",""parentfield"":""roles"",""parenttype"":""User"",""doctype"":""Has Role""},{""name"":""qk8rp1e1kg"",""owner"":""vahe.muselimyan@gmail.com"",""creation"":""2026-05-05 15:41:07.447402"",""modified"":""2026-05-05 15:42:13.676525"",""modified_by"":""vahe.muselimyan@gmail.com"",""docstatus"":0,""idx"":23,""role"":""Manufacturing User"",""parent"":""ai-agent@internal.com"",""parentfield"":""roles"",""parenttype"":""User"",""doctype"":""Has Role""},{""name"":""qk827pa0vh"",""owner"":""vahe.muselimyan@gmail.com"",""creation"":""2026-05-05 15:41:07.447402"",""modified"":""2026-05-05 15:42:13.676525"",""modified_by"":""vahe.muselimyan@gmail.com"",""docstatus"":0,""idx"":24,""role"":""Marketing Manager"",""parent"":""ai-agent@internal.com"",""parentfield"":""roles"",""parenttype"":""User"",""doctype"":""Has Role""},{""name"":""qk80vhp2tc"",""owner"":""vahe.muselimyan@gmail.com"",""creation"":""2026-05-05 15:41:07.447402"",""modified"":""2026-05-05 15:42:13.676525"",""modified_by"":""vahe.muselimyan@gmail.com"",""docstatus"":0,""idx"":25,""role"":""Newsletter Manager"",""parent"":""ai-agent@internal.com"",""parentfield"":""roles"",""parenttype"":""User"",""doctype"":""Has Role""},{""name"":""qk84nrkfvm"",""owner"":""vahe.muselimyan@gmail.com"",""creation"":""2026-05-05 15:41:07.447402"",""modified"":""2026-05-05 15:42:13.676525"",""modified_by"":""vahe.muselimyan@gmail.com"",""docstatus"":0,""idx"":26,""role"":""Ops - Accounting"",""parent"":""ai-agent@internal.com"",""parentfield"":""roles"",""parenttype"":""User"",""doctype"":""Has Role""},{""name"":""qk8iglk2oe"",""owner"":""vahe.muselimyan@gmail.com"",""creation"":""2026-05-05 15:41:07.447402"",""modified"":""2026-05-05 15:42:13.676525"",""modified_by"":""vahe.muselimyan@gmail.com"",""docstatus"":0,""idx"":27,""role"":""Ops - Delivery"",""parent"":""ai-agent@internal.com"",""parentfield"":""roles"",""parenttype"":""User"",""doctype"":""Has Role""},{""name"":""qk87f7r443"",""owner"":""vahe.muselimyan@gmail.com"",""creation"":""2026-05-05 15:41:07.447402"",""modified"":""2026-05-05 15:42:13.676525"",""modified_by"":""vahe.muselimyan@gmail.com"",""docstatus"":0,""idx"":28,""role"":""Ops - Directors"",""parent"":""ai-agent@internal.com"",""parentfield"":""roles"",""parenttype"":""User"",""doctype"":""Has Role""},{""name"":""qk86ius07d"",""owner"":""vahe.muselimyan@gmail.com"",""creation"":""2026-05-05 15:41:07.447402"",""modified"":""2026-05-05 15:42:13.676525"",""modified_by"":""vahe.muselimyan@gmail.com"",""docstatus"":0,""idx"":29,""role"":""Ops - Inventory"",""parent"":""ai-agent@internal.com"",""parentfield"":""roles"",""parenttype"":""User"",""doctype"":""Has Role""},{""name"":""qk823k3jmp"",""owner"":""vahe.muselimyan@gmail.com"",""creation"":""2026-05-05 15:41:07.447402"",""modified"":""2026-05-05 15:42:13.676525"",""modified_by"":""vahe.muselimyan@gmail.com"",""docstatus"":0,""idx"":30,""role"":""Ops - Order Accepting"",""parent"":""ai-agent@internal.com"",""parentfield"":""roles"",""parenttype"":""User"",""doctype"":""Has Role""},{""name"":""qk8d5gdj4d"",""owner"":""vahe.muselimyan@gmail.com"",""creation"":""2026-05-05 15:41:07.447402"",""modified"":""2026-05-05 15:42:13.676525"",""modified_by"":""vahe.muselimyan@gmail.com"",""docstatus"":0,""idx"":31,""role"":""Ops - Returns"",""parent"":""ai-agent@internal.com"",""parentfield"":""roles"",""parenttype"":""User"",""doctype"":""Has Role""},{""name"":""qk8gden353"",""owner"":""vahe.muselimyan@gmail.com"",""creation"":""2026-05-05 15:41:07.447402"",""modified"":""2026-05-05 15:42:13.676525"",""modified_by"":""vahe.muselimyan@gmail.com"",""docstatus"":0,""idx"":32,""role"":""Prepared Report User"",""parent"":""ai-agent@internal.com"",""parentfield"":""roles"",""parenttype"":""User"",""doctype"":""Has Role""},{""name"":""qk8e9dik1o"",""owner"":""vahe.muselimyan@gmail.com"",""creation"":""2026-05-05 15:41:07.447402"",""modified"":""2026-05-05 15:42:13.676525"",""modified_by"":""vahe.muselimyan@gmail.com"",""docstatus"":0,""idx"":33,""role"":""Projects Manager"",""parent"":""ai-agent@internal.com"",""parentfield"":""roles"",""parenttype"":""User"",""doctype"":""Has Role""},{""name"":""qk8f7hn8bb"",""owner"":""vahe.muselimyan@gmail.com"",""creation"":""2026-05-05 15:41:07.447402"",""modified"":""2026-05-05 15:42:13.676525"",""modified_by"":""vahe.muselimyan@gmail.com"",""docstatus"":0,""idx"":34,""role"":""Projects User"",""parent"":""ai-agent@internal.com"",""parentfield"":""roles"",""parenttype"":""User"",""doctype"":""Has Role""},{""name"":""qk85t5ouvk"",""owner"":""vahe.muselimyan@gmail.com"",""creation"":""2026-05-05 15:41:07.447402"",""modified"":""2026-05-05 15:42:13.676525"",""modified_by"":""vahe.muselimyan@gmail.com"",""docstatus"":0,""idx"":35,""role"":""Purchase Manager"",""parent"":""ai-agent@internal.com"",""parentfield"":""roles"",""parenttype"":""User"",""doctype"":""Has Role""},{""name"":""qk8anmdmli"",""owner"":""vahe.muselimyan@gmail.com"",""creation"":""2026-05-05 15:41:07.447402"",""modified"":""2026-05-05 15:42:13.676525"",""modified_by"":""vahe.muselimyan@gmail.com"",""docstatus"":0,""idx"":36,""role"":""Purchase Master Manager"",""parent"":""ai-agent@internal.com"",""parentfield"":""roles"",""parenttype"":""User"",""doctype"":""Has Role""},{""name"":""qk8nh3a00s"",""owner"":""vahe.muselimyan@gmail.com"",""creation"":""2026-05-05 15:41:07.447402"",""modified"":""2026-05-05 15:42:13.676525"",""modified_by"":""vahe.muselimyan@gmail.com"",""docstatus"":0,""idx"":37,""role"":""Purchase User"",""parent"":""ai-agent@internal.com"",""parentfield"":""roles"",""parenttype"":""User"",""doctype"":""Has Role""},{""name"":""qk8m9d7v8g"",""owner"":""vahe.muselimyan@gmail.com"",""creation"":""2026-05-05 15:41:07.447402"",""modified"":""2026-05-05 15:42:13.676525"",""modified_by"":""vahe.muselimyan@gmail.com"",""docstatus"":0,""idx"":38,""role"":""Quality Manager"",""parent"":""ai-agent@internal.com"",""parentfield"":""roles"",""parenttype"":""User"",""doctype"":""Has Role""},{""name"":""qk8frbeji4"",""owner"":""vahe.muselimyan@gmail.com"",""creation"":""2026-05-05 15:41:07.447402"",""modified"":""2026-05-05 15:42:13.676525"",""modified_by"":""vahe.muselimyan@gmail.com"",""docstatus"":0,""idx"":39,""role"":""Report Manager"",""parent"":""ai-agent@internal.com"",""parentfield"":""roles"",""parenttype"":""User"",""doctype"":""Has Role""},{""name"":""qk8da88h00"",""owner"":""vahe.muselimyan@gmail.com"",""creation"":""2026-05-05 15:41:07.447402"",""modified"":""2026-05-05 15:42:13.676525"",""modified_by"":""vahe.muselimyan@gmail.com"",""docstatus"":0,""idx"":40,""role"":""Sales Manager"",""parent"":""ai-agent@internal.com"",""parentfield"":""roles"",""parenttype"":""User"",""doctype"":""Has Role""},{""name"":""qk8ncucn16"",""owner"":""vahe.muselimyan@gmail.com"",""creation"":""2026-05-05 15:41:07.447402"",""modified"":""2026-05-05 15:42:13.676525"",""modified_by"":""vahe.muselimyan@gmail.com"",""docstatus"":0,""idx"":41,""role"":""Sales Master Manager"",""parent"":""ai-agent@internal.com"",""parentfield"":""roles"",""parenttype"":""User"",""doctype"":""Has Role""},{""name"":""qk89qjdjra"",""owner"":""vahe.muselimyan@gmail.com"",""creation"":""2026-05-05 15:41:07.447402"",""modified"":""2026-05-05 15:42:13.676525"",""modified_by"":""vahe.muselimyan@gmail.com"",""docstatus"":0,""idx"":42,""role"":""Sales User"",""parent"":""ai-agent@internal.com"",""parentfield"":""roles"",""parenttype"":""User"",""doctype"":""Has Role""},{""name"":""qk80pghcg6"",""owner"":""vahe.muselimyan@gmail.com"",""creation"":""2026-05-05 15:41:07.447402"",""modified"":""2026-05-05 15:42:13.676525"",""modified_by"":""vahe.muselimyan@gmail.com"",""docstatus"":0,""idx"":43,""role"":""Script Manager"",""parent"":""ai-agent@internal.com"",""parentfield"":""roles"",""parenttype"":""User"",""doctype"":""Has Role""},{""name"":""qk86fuqnkt"",""owner"":""vahe.muselimyan@gmail.com"",""creation"":""2026-05-05 15:41:07.447402"",""modified"":""2026-05-05 15:42:13.676525"",""modified_by"":""vahe.muselimyan@gmail.com"",""docstatus"":0,""idx"":44,""role"":""Stock Manager"",""parent"":""ai-agent@internal.com"",""parentfield"":""roles"",""parenttype"":""User"",""doctype"":""Has Role""},{""name"":""qk8mj292qb"",""owner"":""vahe.muselimyan@gmail.com"",""creation"":""2026-05-05 15:41:07.447402"",""modified"":""2026-05-05 15:42:13.676525"",""modified_by"":""vahe.muselimyan@gmail.com"",""docstatus"":0,""idx"":45,""role"":""Stock User"",""parent"":""ai-agent@internal.com"",""parentfield"":""roles"",""parenttype"":""User"",""doctype"":""Has Role""},{""name"":""qk8d5g3mc7"",""owner"":""vahe.muselimyan@gmail.com"",""creation"":""2026-05-05 15:41:07.447402"",""modified"":""2026-05-05 15:42:13.676525"",""modified_by"":""vahe.muselimyan@gmail.com"",""docstatus"":0,""idx"":46,""role"":""Supplier"",""parent"":""ai-agent@internal.com"",""parentfield"":""roles"",""parenttype"":""User"",""doctype"":""Has Role""},{""name"":""qk85av6rq5"",""owner"":""vahe.muselimyan@gmail.com"",""creation"":""2026-05-05 15:41:07.447402"",""modified"":""2026-05-05 15:42:13.676525"",""modified_by"":""vahe.muselimyan@gmail.com"",""docstatus"":0,""idx"":47,""role"":""Support Team"",""parent"":""ai-agent@internal.com"",""parentfield"":""roles"",""parenttype"":""User"",""doctype"":""Has Role""},{""name"":""qk88iaqvss"",""owner"":""vahe.muselimyan@gmail.com"",""creation"":""2026-05-05 15:41:07.447402"",""modified"":""2026-05-05 15:42:13.676525"",""modified_by"":""vahe.muselimyan@gmail.com"",""docstatus"":0,""idx"":48,""role"":""Translator"",""parent"":""ai-agent@internal.com"",""parentfield"":""roles"",""parenttype"":""User"",""doctype"":""Has Role""},{""name"":""qk8811mb2e"",""owner"":""vahe.muselimyan@gmail.com"",""creation"":""2026-05-05 15:41:07.447402"",""modified"":""2026-05-05 15:42:13.676525"",""modified_by"":""vahe.muselimyan@gmail.com"",""docstatus"":0,""idx"":49,""role"":""Website Manager"",""parent"":""ai-agent@internal.com"",""parentfield"":""roles"",""parenttype"":""User"",""doctype"":""Has Role""},{""name"":""qk8ppqn2ff"",""owner"":""vahe.muselimyan@gmail.com"",""creation"":""2026-05-05 15:41:07.447402"",""modified"":""2026-05-05 15:42:13.676525"",""modified_by"":""vahe.muselimyan@gmail.com"",""docstatus"":0,""idx"":50,""role"":""Workspace Manager"",""parent"":""ai-agent@internal.com"",""parentfield"":""roles"",""parenttype"":""User"",""doctype"":""Has Role""}]","","","","{""name"":""qa3r6ridrc"",""owner"":""vahe.muselimyan@gmail.com"",""creation"":""2026-05-05 15:41:07.575464"",""modified"":""2026-05-05 15:42:13.676525"",""modified_by"":""vahe.muselimyan@gmail.com"",""docstatus"":0,""idx"":1,""provider"":""frappe"",""userid"":""dba7fcfb79b1abb50add7e5c432b5d592b2e41e"",""parent"":""ai-agent@internal.com"",""parentfield"":""social_logins"",""parenttype"":""User"",""doctype"":""User Social Login""}",""
